ID,Default payment next month
21001,1
21002,0
21003,0
21004,1
21005,1
21006,0
21007,0
21008,1
21009,1
21010,0
21011,0
21012,0
21013,1
21014,1
21015,0
21016,1
21017,1
21018,0
21019,0
21020,0
21021,0
21022,0
21023,1
21024,0
21025,0
21026,0
21027,0
21028,1
21029,0
21030,1
21031,1
21032,1
21033,0
21034,1
21035,0
21036,0
21037,0
21038,0
21039,0
21040,1
21041,1
21042,0
21043,0
21044,0
21045,0
21046,1
21047,0
21048,0
21049,0
21050,1
21051,0
21052,0
21053,1
21054,0
21055,0
21056,0
21057,1
21058,1
21059,0
21060,0
21061,0
21062,1
21063,1
21064,0
21065,0
21066,1
21067,0
21068,0
21069,0
21070,0
21071,0
21072,0
21073,0
21074,0
21075,0
21076,0
21077,0
21078,0
21079,0
21080,0
21081,0
21082,0
21083,0
21084,0
21085,0
21086,0
21087,1
21088,0
21089,0
21090,0
21091,0
21092,0
21093,0
21094,0
21095,0
21096,0
21097,0
21098,1
21099,1
21100,1
21101,0
21102,0
21103,0
21104,0
21105,0
21106,1
21107,0
21108,1
21109,0
21110,1
21111,1
21112,1
21113,0
21114,0
21115,0
21116,0
21117,0
21118,1
21119,0
21120,0
21121,0
21122,0
21123,0
21124,0
21125,0
21126,1
21127,0
21128,0
21129,0
21130,0
21131,0
21132,0
21133,0
21134,0
21135,1
21136,0
21137,0
21138,0
21139,0
21140,1
21141,1
21142,0
21143,0
21144,0
21145,0
21146,0
21147,1
21148,0
21149,0
21150,0
21151,0
21152,0
21153,0
21154,1
21155,0
21156,0
21157,1
21158,0
21159,0
21160,1
21161,0
21162,0
21163,0
21164,0
21165,0
21166,1
21167,0
21168,1
21169,0
21170,0
21171,0
21172,1
21173,0
21174,0
21175,0
21176,1
21177,0
21178,0
21179,0
21180,0
21181,1
21182,0
21183,0
21184,0
21185,0
21186,0
21187,0
21188,0
21189,0
21190,0
21191,0
21192,0
21193,0
21194,0
21195,0
21196,1
21197,0
21198,0
21199,0
21200,0
21201,0
21202,1
21203,0
21204,0
21205,0
21206,0
21207,1
21208,0
21209,0
21210,0
21211,0
21212,1
21213,1
21214,1
21215,0
21216,0
21217,0
21218,1
21219,1
21220,0
21221,0
21222,0
21223,0
21224,0
21225,0
21226,1
21227,0
21228,0
21229,0
21230,1
21231,1
21232,0
21233,0
21234,0
21235,0
21236,0
21237,1
21238,0
21239,0
21240,0
21241,1
21242,1
21243,0
21244,0
21245,0
21246,0
21247,0
21248,0
21249,0
21250,0
21251,0
21252,0
21253,0
21254,0
21255,0
21256,0
21257,0
21258,0
21259,0
21260,0
21261,0
21262,0
21263,1
21264,0
21265,0
21266,0
21267,1
21268,1
21269,1
21270,0
21271,0
21272,0
21273,0
21274,1
21275,0
21276,0
21277,0
21278,0
21279,0
21280,0
21281,0
21282,0
21283,0
21284,0
21285,0
21286,1
21287,1
21288,0
21289,0
21290,1
21291,0
21292,0
21293,1
21294,0
21295,0
21296,0
21297,1
21298,1
21299,0
21300,0
21301,0
21302,1
21303,0
21304,0
21305,0
21306,0
21307,0
21308,0
21309,0
21310,1
21311,1
21312,1
21313,0
21314,0
21315,0
21316,0
21317,0
21318,1
21319,0
21320,0
21321,0
21322,1
21323,0
21324,0
21325,1
21326,0
21327,1
21328,0
21329,0
21330,0
21331,1
21332,1
21333,0
21334,0
21335,0
21336,0
21337,0
21338,0
21339,0
21340,0
21341,1
21342,0
21343,1
21344,0
21345,0
21346,0
21347,0
21348,0
21349,1
21350,0
21351,1
21352,0
21353,0
21354,0
21355,0
21356,0
21357,0
21358,0
21359,0
21360,0
21361,0
21362,0
21363,0
21364,0
21365,0
21366,0
21367,0
21368,0
21369,1
21370,1
21371,0
21372,0
21373,1
21374,0
21375,1
21376,0
21377,0
21378,0
21379,0
21380,0
21381,1
21382,0
21383,0
21384,0
21385,0
21386,0
21387,1
21388,0
21389,0
21390,0
21391,0
21392,0
21393,1
21394,0
21395,0
21396,0
21397,1
21398,0
21399,0
21400,1
21401,0
21402,1
21403,0
21404,1
21405,1
21406,0
21407,0
21408,0
21409,0
21410,0
21411,0
21412,1
21413,0
21414,0
21415,0
21416,0
21417,1
21418,0
21419,0
21420,0
21421,0
21422,0
21423,1
21424,0
21425,0
21426,0
21427,0
21428,1
21429,0
21430,0
21431,0
21432,0
21433,0
21434,0
21435,0
21436,0
21437,0
21438,0
21439,0
21440,0
21441,0
21442,0
21443,0
21444,0
21445,0
21446,0
21447,1
21448,0
21449,0
21450,1
21451,0
21452,0
21453,1
21454,0
21455,0
21456,0
21457,0
21458,0
21459,1
21460,0
21461,0
21462,0
21463,0
21464,1
21465,1
21466,0
21467,0
21468,0
21469,0
21470,0
21471,0
21472,0
21473,0
21474,0
21475,0
21476,0
21477,0
21478,0
21479,0
21480,0
21481,1
21482,0
21483,1
21484,0
21485,0
21486,0
21487,0
21488,0
21489,0
21490,0
21491,0
21492,0
21493,1
21494,0
21495,0
21496,0
21497,0
21498,0
21499,1
21500,0
21501,0
21502,0
21503,0
21504,0
21505,0
21506,0
21507,0
21508,1
21509,1
21510,0
21511,0
21512,0
21513,1
21514,1
21515,0
21516,0
21517,1
21518,0
21519,0
21520,0
21521,0
21522,0
21523,1
21524,0
21525,0
21526,0
21527,0
21528,0
21529,0
21530,0
21531,1
21532,0
21533,1
21534,1
21535,1
21536,0
21537,0
21538,0
21539,0
21540,0
21541,1
21542,0
21543,0
21544,0
21545,1
21546,0
21547,0
21548,0
21549,1
21550,1
21551,0
21552,1
21553,0
21554,0
21555,0
21556,1
21557,0
21558,0
21559,1
21560,0
21561,0
21562,1
21563,0
21564,1
21565,1
21566,0
21567,0
21568,0
21569,1
21570,0
21571,0
21572,0
21573,0
21574,1
21575,0
21576,0
21577,0
21578,0
21579,0
21580,0
21581,0
21582,0
21583,1
21584,0
21585,1
21586,0
21587,0
21588,0
21589,0
21590,0
21591,0
21592,0
21593,0
21594,0
21595,1
21596,0
21597,1
21598,0
21599,1
21600,0
21601,0
21602,1
21603,0
21604,0
21605,0
21606,0
21607,0
21608,0
21609,1
21610,0
21611,0
21612,0
21613,1
21614,1
21615,0
21616,0
21617,0
21618,0
21619,0
21620,0
21621,0
21622,0
21623,0
21624,0
21625,0
21626,1
21627,0
21628,0
21629,0
21630,0
21631,0
21632,0
21633,0
21634,1
21635,1
21636,0
21637,1
21638,1
21639,0
21640,1
21641,0
21642,0
21643,0
21644,0
21645,0
21646,0
21647,0
21648,0
21649,0
21650,0
21651,1
21652,1
21653,1
21654,0
21655,0
21656,0
21657,0
21658,0
21659,0
21660,1
21661,1
21662,0
21663,0
21664,0
21665,0
21666,0
21667,0
21668,1
21669,0
21670,0
21671,0
21672,0
21673,1
21674,0
21675,0
21676,0
21677,0
21678,0
21679,1
21680,0
21681,0
21682,0
21683,0
21684,0
21685,0
21686,0
21687,0
21688,1
21689,0
21690,0
21691,1
21692,0
21693,0
21694,0
21695,1
21696,0
21697,0
21698,0
21699,1
21700,1
21701,0
21702,0
21703,1
21704,0
21705,1
21706,0
21707,0
21708,1
21709,0
21710,0
21711,0
21712,0
21713,0
21714,0
21715,0
21716,1
21717,1
21718,0
21719,0
21720,1
21721,0
21722,0
21723,0
21724,0
21725,0
21726,0
21727,1
21728,0
21729,0
21730,0
21731,0
21732,0
21733,0
21734,0
21735,0
21736,0
21737,0
21738,0
21739,0
21740,1
21741,1
21742,0
21743,0
21744,0
21745,0
21746,0
21747,0
21748,1
21749,0
21750,0
21751,0
21752,1
21753,0
21754,0
21755,0
21756,0
21757,0
21758,0
21759,0
21760,0
21761,1
21762,0
21763,1
21764,1
21765,0
21766,0
21767,0
21768,0
21769,0
21770,0
21771,0
21772,1
21773,0
21774,0
21775,0
21776,1
21777,0
21778,0
21779,0
21780,0
21781,1
21782,0
21783,0
21784,0
21785,0
21786,1
21787,0
21788,0
21789,1
21790,1
21791,0
21792,0
21793,0
21794,1
21795,0
21796,0
21797,0
21798,1
21799,0
21800,0
21801,1
21802,0
21803,0
21804,0
21805,0
21806,0
21807,0
21808,0
21809,0
21810,1
21811,0
21812,1
21813,1
21814,0
21815,0
21816,1
21817,0
21818,0
21819,0
21820,0
21821,1
21822,0
21823,0
21824,0
21825,0
21826,0
21827,0
21828,0
21829,0
21830,0
21831,1
21832,0
21833,0
21834,0
21835,0
21836,0
21837,0
21838,0
21839,0
21840,0
21841,1
21842,0
21843,0
21844,0
21845,0
21846,0
21847,0
21848,1
21849,0
21850,0
21851,0
21852,1
21853,0
21854,0
21855,0
21856,1
21857,0
21858,1
21859,0
21860,0
21861,0
21862,1
21863,0
21864,0
21865,0
21866,0
21867,0
21868,0
21869,0
21870,0
21871,0
21872,0
21873,0
21874,0
21875,0
21876,0
21877,1
21878,0
21879,0
21880,0
21881,0
21882,0
21883,0
21884,0
21885,0
21886,1
21887,0
21888,0
21889,0
21890,0
21891,0
21892,0
21893,0
21894,0
21895,0
21896,0
21897,1
21898,0
21899,0
21900,0
21901,1
21902,0
21903,1
21904,0
21905,1
21906,0
21907,0
21908,0
21909,0
21910,0
21911,0
21912,0
21913,0
21914,0
21915,0
21916,1
21917,0
21918,0
21919,0
21920,1
21921,0
21922,0
21923,1
21924,0
21925,0
21926,0
21927,0
21928,0
21929,0
21930,0
21931,0
21932,0
21933,1
21934,1
21935,0
21936,0
21937,0
21938,0
21939,0
21940,0
21941,0
21942,0
21943,0
21944,0
21945,0
21946,0
21947,0
21948,0
21949,0
21950,0
21951,0
21952,1
21953,1
21954,0
21955,0
21956,1
21957,0
21958,0
21959,0
21960,0
21961,1
21962,1
21963,0
21964,1
21965,0
21966,0
21967,0
21968,0
21969,0
21970,0
21971,0
21972,0
21973,0
21974,0
21975,1
21976,0
21977,1
21978,0
21979,0
21980,0
21981,0
21982,0
21983,0
21984,0
21985,0
21986,1
21987,0
21988,0
21989,1
21990,0
21991,1
21992,1
21993,0
21994,0
21995,0
21996,0
21997,0
21998,0
21999,0
22000,0
22001,0
22002,0
22003,0
22004,1
22005,0
22006,0
22007,0
22008,0
22009,0
22010,1
22011,1
22012,1
22013,0
22014,0
22015,0
22016,0
22017,0
22018,0
22019,0
22020,0
22021,0
22022,0
22023,0
22024,0
22025,0
22026,0
22027,0
22028,0
22029,0
22030,0
22031,1
22032,0
22033,0
22034,0
22035,0
22036,0
22037,0
22038,0
22039,0
22040,1
22041,0
22042,0
22043,0
22044,0
22045,1
22046,0
22047,0
22048,0
22049,0
22050,0
22051,0
22052,0
22053,0
22054,0
22055,0
22056,0
22057,0
22058,0
22059,0
22060,0
22061,1
22062,0
22063,0
22064,0
22065,0
22066,0
22067,0
22068,1
22069,0
22070,0
22071,0
22072,0
22073,0
22074,0
22075,0
22076,0
22077,0
22078,0
22079,0
22080,0
22081,1
22082,0
22083,1
22084,0
22085,1
22086,1
22087,0
22088,0
22089,1
22090,1
22091,0
22092,0
22093,0
22094,0
22095,0
22096,0
22097,0
22098,1
22099,0
22100,0
22101,0
22102,0
22103,0
22104,0
22105,0
22106,0
22107,1
22108,0
22109,0
22110,0
22111,0
22112,1
22113,0
22114,1
22115,1
22116,0
22117,1
22118,0
22119,0
22120,1
22121,1
22122,0
22123,0
22124,0
22125,1
22126,0
22127,0
22128,0
22129,0
22130,0
22131,1
22132,1
22133,0
22134,0
22135,0
22136,1
22137,0
22138,1
22139,0
22140,0
22141,0
22142,0
22143,0
22144,0
22145,0
22146,0
22147,0
22148,0
22149,0
22150,1
22151,0
22152,0
22153,1
22154,0
22155,0
22156,0
22157,0
22158,0
22159,0
22160,0
22161,0
22162,0
22163,0
22164,0
22165,0
22166,1
22167,1
22168,0
22169,1
22170,0
22171,0
22172,0
22173,0
22174,0
22175,0
22176,0
22177,1
22178,0
22179,0
22180,1
22181,0
22182,0
22183,1
22184,0
22185,1
22186,0
22187,0
22188,0
22189,0
22190,0
22191,1
22192,0
22193,0
22194,0
22195,0
22196,0
22197,0
22198,0
22199,0
22200,0
22201,0
22202,1
22203,1
22204,0
22205,0
22206,0
22207,1
22208,0
22209,1
22210,0
22211,0
22212,0
22213,0
22214,0
22215,0
22216,0
22217,0
22218,0
22219,0
22220,0
22221,0
22222,0
22223,0
22224,0
22225,0
22226,0
22227,0
22228,0
22229,0
22230,1
22231,0
22232,0
22233,0
22234,0
22235,0
22236,0
22237,0
22238,0
22239,0
22240,0
22241,0
22242,1
22243,0
22244,0
22245,0
22246,1
22247,0
22248,0
22249,0
22250,0
22251,0
22252,0
22253,0
22254,1
22255,0
22256,0
22257,0
22258,1
22259,0
22260,1
22261,0
22262,0
22263,0
22264,0
22265,0
22266,0
22267,0
22268,0
22269,0
22270,0
22271,0
22272,0
22273,1
22274,0
22275,0
22276,0
22277,0
22278,0
22279,0
22280,0
22281,0
22282,0
22283,0
22284,0
22285,0
22286,0
22287,0
22288,1
22289,0
22290,0
22291,1
22292,0
22293,0
22294,0
22295,0
22296,0
22297,0
22298,0
22299,0
22300,0
22301,0
22302,0
22303,1
22304,0
22305,0
22306,0
22307,0
22308,1
22309,0
22310,0
22311,1
22312,0
22313,0
22314,0
22315,0
22316,0
22317,0
22318,0
22319,0
22320,1
22321,0
22322,0
22323,0
22324,0
22325,0
22326,0
22327,0
22328,1
22329,0
22330,0
22331,1
22332,0
22333,0
22334,0
22335,0
22336,0
22337,0
22338,0
22339,0
22340,0
22341,0
22342,1
22343,0
22344,0
22345,0
22346,1
22347,0
22348,0
22349,0
22350,0
22351,0
22352,0
22353,1
22354,0
22355,0
22356,0
22357,0
22358,0
22359,1
22360,0
22361,0
22362,1
22363,0
22364,0
22365,0
22366,0
22367,0
22368,0
22369,0
22370,0
22371,0
22372,0
22373,0
22374,0
22375,0
22376,0
22377,0
22378,1
22379,0
22380,0
22381,0
22382,0
22383,0
22384,0
22385,0
22386,0
22387,1
22388,1
22389,1
22390,1
22391,0
22392,1
22393,0
22394,0
22395,0
22396,1
22397,0
22398,0
22399,0
22400,0
22401,0
22402,1
22403,0
22404,1
22405,0
22406,0
22407,0
22408,0
22409,0
22410,0
22411,1
22412,0
22413,0
22414,0
22415,1
22416,1
22417,1
22418,1
22419,0
22420,0
22421,0
22422,0
22423,0
22424,0
22425,0
22426,1
22427,0
22428,0
22429,0
22430,1
22431,0
22432,0
22433,0
22434,1
22435,0
22436,0
22437,0
22438,0
22439,0
22440,1
22441,0
22442,0
22443,0
22444,1
22445,1
22446,0
22447,0
22448,1
22449,0
22450,0
22451,0
22452,0
22453,1
22454,0
22455,0
22456,0
22457,0
22458,1
22459,0
22460,1
22461,0
22462,0
22463,0
22464,0
22465,1
22466,0
22467,1
22468,0
22469,0
22470,0
22471,1
22472,0
22473,1
22474,0
22475,0
22476,0
22477,0
22478,0
22479,1
22480,1
22481,0
22482,0
22483,0
22484,0
22485,0
22486,0
22487,0
22488,0
22489,0
22490,0
22491,0
22492,0
22493,0
22494,0
22495,1
22496,0
22497,0
22498,0
22499,0
22500,0
22501,1
22502,0
22503,1
22504,0
22505,0
22506,0
22507,1
22508,1
22509,0
22510,0
22511,0
22512,1
22513,0
22514,0
22515,0
22516,0
22517,0
22518,1
22519,0
22520,0
22521,1
22522,0
22523,0
22524,0
22525,0
22526,0
22527,0
22528,0
22529,0
22530,1
22531,0
22532,0
22533,0
22534,0
22535,1
22536,0
22537,1
22538,0
22539,1
22540,0
22541,0
22542,0
22543,1
22544,0
22545,0
22546,0
22547,0
22548,0
22549,0
22550,1
22551,1
22552,0
22553,0
22554,0
22555,0
22556,0
22557,0
22558,0
22559,0
22560,0
22561,0
22562,0
22563,0
22564,0
22565,0
22566,1
22567,1
22568,0
22569,1
22570,0
22571,0
22572,0
22573,0
22574,0
22575,1
22576,0
22577,1
22578,0
22579,1
22580,0
22581,0
22582,1
22583,0
22584,0
22585,1
22586,0
22587,0
22588,0
22589,0
22590,0
22591,0
22592,0
22593,1
22594,0
22595,0
22596,0
22597,0
22598,1
22599,0
22600,0
22601,1
22602,0
22603,0
22604,1
22605,1
22606,0
22607,1
22608,0
22609,0
22610,0
22611,1
22612,0
22613,0
22614,0
22615,0
22616,0
22617,0
22618,0
22619,0
22620,0
22621,0
22622,0
22623,1
22624,0
22625,1
22626,0
22627,0
22628,0
22629,1
22630,0
22631,0
22632,0
22633,0
22634,0
22635,0
22636,1
22637,0
22638,0
22639,0
22640,0
22641,0
22642,0
22643,0
22644,0
22645,0
22646,0
22647,0
22648,1
22649,0
22650,0
22651,0
22652,0
22653,0
22654,0
22655,0
22656,0
22657,1
22658,0
22659,1
22660,0
22661,0
22662,1
22663,0
22664,0
22665,1
22666,0
22667,0
22668,0
22669,0
22670,0
22671,0
22672,0
22673,0
22674,0
22675,0
22676,0
22677,0
22678,1
22679,0
22680,1
22681,0
22682,0
22683,0
22684,0
22685,0
22686,0
22687,0
22688,0
22689,1
22690,0
22691,1
22692,1
22693,0
22694,0
22695,0
22696,0
22697,0
22698,1
22699,0
22700,0
22701,0
22702,0
22703,0
22704,1
22705,0
22706,1
22707,1
22708,0
22709,1
22710,0
22711,1
22712,1
22713,1
22714,0
22715,1
22716,0
22717,0
22718,0
22719,0
22720,0
22721,0
22722,0
22723,1
22724,0
22725,1
22726,0
22727,0
22728,1
22729,0
22730,0
22731,0
22732,0
22733,0
22734,0
22735,0
22736,0
22737,0
22738,0
22739,0
22740,0
22741,1
22742,0
22743,1
22744,1
22745,0
22746,0
22747,1
22748,0
22749,0
22750,0
22751,0
22752,0
22753,0
22754,1
22755,0
22756,0
22757,0
22758,0
22759,0
22760,1
22761,0
22762,0
22763,0
22764,0
22765,0
22766,0
22767,0
22768,0
22769,0
22770,0
22771,0
22772,0
22773,0
22774,0
22775,0
22776,0
22777,0
22778,0
22779,0
22780,0
22781,0
22782,0
22783,1
22784,0
22785,0
22786,0
22787,0
22788,0
22789,0
22790,0
22791,0
22792,1
22793,0
22794,0
22795,0
22796,0
22797,0
22798,0
22799,0
22800,0
22801,0
22802,0
22803,0
22804,0
22805,0
22806,0
22807,0
22808,0
22809,0
22810,0
22811,1
22812,0
22813,0
22814,0
22815,0
22816,1
22817,0
22818,0
22819,0
22820,0
22821,0
22822,0
22823,0
22824,0
22825,0
22826,0
22827,0
22828,0
22829,0
22830,0
22831,1
22832,1
22833,1
22834,0
22835,0
22836,0
22837,0
22838,0
22839,0
22840,0
22841,0
22842,1
22843,0
22844,0
22845,0
22846,1
22847,0
22848,0
22849,0
22850,0
22851,1
22852,1
22853,0
22854,0
22855,0
22856,0
22857,0
22858,0
22859,0
22860,0
22861,0
22862,0
22863,0
22864,0
22865,0
22866,0
22867,1
22868,0
22869,0
22870,0
22871,0
22872,0
22873,0
22874,0
22875,0
22876,0
22877,0
22878,0
22879,1
22880,0
22881,1
22882,0
22883,0
22884,1
22885,0
22886,0
22887,0
22888,0
22889,0
22890,0
22891,0
22892,0
22893,1
22894,0
22895,0
22896,0
22897,0
22898,0
22899,0
22900,1
22901,1
22902,0
22903,1
22904,0
22905,0
22906,0
22907,1
22908,0
22909,0
22910,0
22911,1
22912,0
22913,0
22914,1
22915,0
22916,1
22917,0
22918,0
22919,0
22920,0
22921,0
22922,0
22923,0
22924,0
22925,0
22926,0
22927,0
22928,0
22929,0
22930,1
22931,0
22932,0
22933,0
22934,0
22935,0
22936,0
22937,1
22938,0
22939,0
22940,0
22941,0
22942,0
22943,0
22944,0
22945,0
22946,0
22947,0
22948,0
22949,0
22950,0
22951,0
22952,0
22953,0
22954,0
22955,0
22956,1
22957,0
22958,1
22959,1
22960,0
22961,0
22962,0
22963,0
22964,0
22965,0
22966,0
22967,0
22968,0
22969,1
22970,0
22971,0
22972,0
22973,1
22974,1
22975,0
22976,0
22977,0
22978,0
22979,0
22980,1
22981,0
22982,0
22983,0
22984,0
22985,0
22986,0
22987,0
22988,0
22989,0
22990,0
22991,1
22992,0
22993,0
22994,0
22995,0
22996,0
22997,0
22998,0
22999,1
23000,0
23001,0
23002,0
23003,1
23004,0
23005,0
23006,1
23007,0
23008,0
23009,0
23010,1
23011,1
23012,1
23013,0
23014,0
23015,0
23016,0
23017,0
23018,0
23019,0
23020,0
23021,0
23022,0
23023,0
23024,1
23025,0
23026,0
23027,0
23028,0
23029,0
23030,0
23031,1
23032,1
23033,0
23034,0
23035,0
23036,0
23037,0
23038,1
23039,0
23040,1
23041,0
23042,0
23043,1
23044,0
23045,1
23046,1
23047,1
23048,0
23049,0
23050,0
23051,0
23052,0
23053,0
23054,0
23055,0
23056,0
23057,0
23058,0
23059,0
23060,0
23061,1
23062,0
23063,0
23064,1
23065,0
23066,1
23067,0
23068,0
23069,1
23070,1
23071,0
23072,0
23073,0
23074,1
23075,1
23076,0
23077,0
23078,0
23079,0
23080,0
23081,0
23082,0
23083,1
23084,0
23085,0
23086,0
23087,0
23088,1
23089,0
23090,1
23091,1
23092,0
23093,1
23094,0
23095,0
23096,1
23097,1
23098,0
23099,0
23100,1
23101,0
23102,0
23103,0
23104,1
23105,1
23106,0
23107,0
23108,0
23109,0
23110,0
23111,0
23112,1
23113,0
23114,0
23115,0
23116,0
23117,0
23118,1
23119,0
23120,0
23121,0
23122,1
23123,0
23124,0
23125,0
23126,0
23127,1
23128,0
23129,1
23130,0
23131,0
23132,0
23133,0
23134,0
23135,0
23136,0
23137,0
23138,0
23139,0
23140,1
23141,0
23142,0
23143,0
23144,0
23145,0
23146,0
23147,1
23148,0
23149,0
23150,0
23151,0
23152,0
23153,0
23154,0
23155,0
23156,0
23157,0
23158,0
23159,0
23160,0
23161,0
23162,1
23163,0
23164,0
23165,0
23166,0
23167,1
23168,0
23169,0
23170,1
23171,0
23172,0
23173,0
23174,1
23175,0
23176,0
23177,1
23178,1
23179,0
23180,0
23181,0
23182,0
23183,0
23184,0
23185,0
23186,0
23187,0
23188,0
23189,1
23190,0
23191,0
23192,0
23193,0
23194,0
23195,0
23196,1
23197,0
23198,0
23199,0
23200,0
23201,0
23202,0
23203,0
23204,0
23205,0
23206,1
23207,0
23208,0
23209,0
23210,0
23211,0
23212,0
23213,0
23214,0
23215,0
23216,1
23217,0
23218,0
23219,0
23220,0
23221,1
23222,0
23223,0
23224,0
23225,0
23226,0
23227,1
23228,0
23229,1
23230,0
23231,0
23232,0
23233,0
23234,1
23235,0
23236,0
23237,1
23238,0
23239,0
23240,1
23241,0
23242,0
23243,0
23244,0
23245,0
23246,0
23247,0
23248,0
23249,0
23250,0
23251,1
23252,0
23253,1
23254,0
23255,0
23256,1
23257,1
23258,0
23259,0
23260,1
23261,0
23262,0
23263,0
23264,1
23265,0
23266,0
23267,0
23268,0
23269,0
23270,0
23271,0
23272,0
23273,1
23274,0
23275,0
23276,0
23277,0
23278,1
23279,0
23280,0
23281,0
23282,0
23283,0
23284,0
23285,0
23286,1
23287,0
23288,1
23289,0
23290,0
23291,0
23292,0
23293,1
23294,0
23295,1
23296,0
23297,1
23298,0
23299,1
23300,0
23301,0
23302,0
23303,0
23304,0
23305,1
23306,0
23307,0
23308,0
23309,0
23310,1
23311,1
23312,0
23313,1
23314,1
23315,0
23316,1
23317,0
23318,1
23319,0
23320,0
23321,1
23322,0
23323,0
23324,1
23325,0
23326,0
23327,1
23328,1
23329,0
23330,0
23331,0
23332,0
23333,0
23334,0
23335,1
23336,0
23337,1
23338,0
23339,0
23340,1
23341,0
23342,0
23343,1
23344,0
23345,0
23346,0
23347,0
23348,0
23349,0
23350,0
23351,0
23352,0
23353,0
23354,0
23355,0
23356,1
23357,0
23358,0
23359,0
23360,1
23361,0
23362,0
23363,0
23364,0
23365,0
23366,0
23367,0
23368,1
23369,0
23370,0
23371,0
23372,0
23373,0
23374,0
23375,0
23376,0
23377,1
23378,1
23379,0
23380,0
23381,0
23382,0
23383,0
23384,0
23385,1
23386,0
23387,1
23388,0
23389,1
23390,0
23391,0
23392,0
23393,0
23394,0
23395,0
23396,0
23397,0
23398,0
23399,0
23400,0
23401,0
23402,1
23403,1
23404,1
23405,0
23406,0
23407,0
23408,0
23409,1
23410,0
23411,1
23412,0
23413,0
23414,0
23415,1
23416,1
23417,0
23418,1
23419,1
23420,0
23421,0
23422,0
23423,0
23424,0
23425,0
23426,0
23427,0
23428,0
23429,0
23430,0
23431,0
23432,1
23433,1
23434,0
23435,0
23436,0
23437,1
23438,0
23439,1
23440,0
23441,0
23442,0
23443,0
23444,0
23445,0
23446,0
23447,0
23448,1
23449,0
23450,0
23451,0
23452,0
23453,0
23454,0
23455,0
23456,1
23457,0
23458,0
23459,1
23460,0
23461,0
23462,1
23463,0
23464,1
23465,0
23466,1
23467,0
23468,1
23469,0
23470,0
23471,1
23472,1
23473,0
23474,0
23475,0
23476,0
23477,0
23478,1
23479,0
23480,0
23481,0
23482,0
23483,0
23484,0
23485,0
23486,0
23487,1
23488,0
23489,0
23490,0
23491,1
23492,0
23493,0
23494,0
23495,0
23496,0
23497,0
23498,1
23499,0
23500,0
23501,0
23502,1
23503,0
23504,1
23505,0
23506,0
23507,0
23508,0
23509,0
23510,1
23511,0
23512,0
23513,0
23514,0
23515,1
23516,0
23517,0
23518,0
23519,0
23520,1
23521,0
23522,1
23523,0
23524,0
23525,0
23526,0
23527,1
23528,0
23529,1
23530,1
23531,0
23532,0
23533,1
23534,0
23535,0
23536,1
23537,0
23538,0
23539,0
23540,0
23541,0
23542,0
23543,0
23544,0
23545,0
23546,0
23547,0
23548,0
23549,0
23550,0
23551,0
23552,0
23553,0
23554,0
23555,0
23556,0
23557,1
23558,0
23559,1
23560,0
23561,0
23562,0
23563,0
23564,1
23565,1
23566,0
23567,0
23568,1
23569,0
23570,0
23571,0
23572,1
23573,0
23574,0
23575,0
23576,1
23577,0
23578,0
23579,0
23580,0
23581,0
23582,1
23583,0
23584,0
23585,0
23586,0
23587,0
23588,1
23589,0
23590,1
23591,0
23592,0
23593,0
23594,0
23595,0
23596,0
23597,0
23598,0
23599,1
23600,0
23601,1
23602,0
23603,1
23604,0
23605,0
23606,0
23607,1
23608,1
23609,0
23610,0
23611,0
23612,0
23613,0
23614,0
23615,1
23616,1
23617,0
23618,0
23619,0
23620,0
23621,0
23622,0
23623,0
23624,1
23625,0
23626,0
23627,0
23628,0
23629,0
23630,0
23631,1
23632,0
23633,0
23634,0
23635,0
23636,0
23637,0
23638,0
23639,0
23640,0
23641,0
23642,0
23643,0
23644,0
23645,0
23646,1
23647,0
23648,0
23649,1
23650,1
23651,0
23652,1
23653,1
23654,1
23655,0
23656,0
23657,0
23658,0
23659,0
23660,0
23661,0
23662,0
23663,1
23664,0
23665,1
23666,0
23667,0
23668,0
23669,0
23670,0
23671,1
23672,0
23673,1
23674,0
23675,0
23676,0
23677,0
23678,0
23679,0
23680,1
23681,0
23682,0
23683,0
23684,0
23685,0
23686,1
23687,0
23688,1
23689,0
23690,0
23691,0
23692,1
23693,0
23694,0
23695,0
23696,1
23697,1
23698,0
23699,1
23700,0
23701,0
23702,1
23703,0
23704,0
23705,1
23706,1
23707,0
23708,0
23709,0
23710,0
23711,1
23712,0
23713,0
23714,0
23715,0
23716,1
23717,0
23718,0
23719,0
23720,0
23721,0
23722,0
23723,0
23724,0
23725,1
23726,0
23727,0
23728,1
23729,0
23730,0
23731,0
23732,0
23733,1
23734,0
23735,0
23736,0
23737,0
23738,0
23739,0
23740,1
23741,0
23742,0
23743,1
23744,0
23745,0
23746,1
23747,0
23748,1
23749,0
23750,0
23751,0
23752,0
23753,0
23754,0
23755,0
23756,0
23757,0
23758,0
23759,0
23760,0
23761,0
23762,1
23763,0
23764,0
23765,0
23766,0
23767,0
23768,1
23769,0
23770,0
23771,0
23772,0
23773,0
23774,1
23775,0
23776,0
23777,0
23778,1
23779,1
23780,0
23781,0
23782,1
23783,1
23784,0
23785,0
23786,0
23787,1
23788,0
23789,0
23790,1
23791,0
23792,1
23793,0
23794,0
23795,0
23796,0
23797,0
23798,0
23799,0
23800,0
23801,0
23802,0
23803,0
23804,0
23805,0
23806,0
23807,0
23808,0
23809,1
23810,0
23811,0
23812,0
23813,0
23814,0
23815,0
23816,0
23817,1
23818,0
23819,0
23820,0
23821,0
23822,1
23823,0
23824,0
23825,1
23826,1
23827,0
23828,0
23829,1
23830,0
23831,0
23832,0
23833,1
23834,0
23835,0
23836,0
23837,0
23838,0
23839,0
23840,0
23841,1
23842,0
23843,0
23844,0
23845,1
23846,0
23847,1
23848,0
23849,0
23850,1
23851,1
23852,0
23853,1
23854,1
23855,0
23856,0
23857,1
23858,0
23859,0
23860,0
23861,0
23862,0
23863,1
23864,1
23865,0
23866,1
23867,0
23868,0
23869,0
23870,0
23871,0
23872,1
23873,0
23874,0
23875,0
23876,0
23877,0
23878,0
23879,0
23880,0
23881,0
23882,0
23883,0
23884,1
23885,1
23886,0
23887,0
23888,1
23889,0
23890,0
23891,0
23892,1
23893,0
23894,0
23895,0
23896,0
23897,0
23898,0
23899,0
23900,1
23901,1
23902,0
23903,0
23904,0
23905,0
23906,0
23907,0
23908,0
23909,1
23910,1
23911,1
23912,0
23913,0
23914,0
23915,0
23916,1
23917,1
23918,0
23919,0
23920,1
23921,0
23922,0
23923,0
23924,1
23925,0
23926,0
23927,0
23928,1
23929,1
23930,0
23931,0
23932,1
23933,0
23934,0
23935,0
23936,1
23937,1
23938,0
23939,1
23940,0
23941,0
23942,0
23943,1
23944,1
23945,0
23946,0
23947,0
23948,0
23949,0
23950,1
23951,1
23952,0
23953,0
23954,0
23955,0
23956,1
23957,1
23958,0
23959,1
23960,0
23961,1
23962,0
23963,0
23964,1
23965,0
23966,1
23967,0
23968,0
23969,0
23970,0
23971,1
23972,0
23973,1
23974,0
23975,0
23976,0
23977,1
23978,0
23979,0
23980,1
23981,1
23982,0
23983,0
23984,0
23985,0
23986,1
23987,0
23988,1
23989,0
23990,1
23991,0
23992,0
23993,0
23994,1
23995,0
23996,0
23997,0
23998,0
23999,1
24000,0
24001,0
24002,0
24003,0
24004,0
24005,0
24006,0
24007,0
24008,0
24009,0
24010,1
24011,0
24012,0
24013,1
24014,1
24015,0
24016,0
24017,0
24018,0
24019,0
24020,0
24021,0
24022,1
24023,0
24024,0
24025,1
24026,1
24027,0
24028,0
24029,0
24030,0
24031,0
24032,0
24033,1
24034,0
24035,0
24036,0
24037,0
24038,0
24039,1
24040,1
24041,0
24042,1
24043,1
24044,0
24045,0
24046,0
24047,0
24048,0
24049,0
24050,0
24051,0
24052,0
24053,0
24054,0
24055,0
24056,1
24057,0
24058,0
24059,1
24060,0
24061,1
24062,0
24063,1
24064,0
24065,0
24066,0
24067,0
24068,0
24069,0
24070,0
24071,1
24072,0
24073,1
24074,0
24075,0
24076,1
24077,0
24078,0
24079,0
24080,1
24081,0
24082,0
24083,0
24084,0
24085,0
24086,0
24087,0
24088,0
24089,0
24090,0
24091,1
24092,0
24093,1
24094,1
24095,0
24096,0
24097,1
24098,0
24099,0
24100,0
24101,1
24102,0
24103,0
24104,0
24105,0
24106,0
24107,0
24108,0
24109,1
24110,0
24111,1
24112,0
24113,1
24114,1
24115,1
24116,1
24117,0
24118,0
24119,0
24120,0
24121,0
24122,0
24123,0
24124,1
24125,0
24126,0
24127,1
24128,1
24129,0
24130,0
24131,1
24132,0
24133,1
24134,0
24135,0
24136,0
24137,0
24138,0
24139,0
24140,0
24141,0
24142,0
24143,0
24144,1
24145,0
24146,0
24147,0
24148,0
24149,1
24150,0
24151,0
24152,1
24153,0
24154,0
24155,1
24156,1
24157,0
24158,1
24159,0
24160,1
24161,0
24162,0
24163,0
24164,0
24165,0
24166,1
24167,0
24168,1
24169,1
24170,1
24171,0
24172,0
24173,1
24174,0
24175,0
24176,1
24177,0
24178,0
24179,0
24180,0
24181,0
24182,0
24183,0
24184,0
24185,0
24186,0
24187,0
24188,0
24189,0
24190,0
24191,0
24192,0
24193,0
24194,0
24195,0
24196,0
24197,1
24198,1
24199,0
24200,0
24201,0
24202,0
24203,0
24204,0
24205,1
24206,0
24207,0
24208,0
24209,0
24210,0
24211,0
24212,1
24213,0
24214,0
24215,1
24216,0
24217,0
24218,0
24219,1
24220,0
24221,0
24222,0
24223,0
24224,0
24225,0
24226,1
24227,0
24228,0
24229,1
24230,1
24231,0
24232,0
24233,0
24234,0
24235,0
24236,0
24237,1
24238,1
24239,0
24240,0
24241,1
24242,0
24243,0
24244,0
24245,0
24246,0
24247,0
24248,0
24249,1
24250,0
24251,0
24252,0
24253,0
24254,0
24255,0
24256,0
24257,0
24258,0
24259,0
24260,0
24261,0
24262,0
24263,0
24264,0
24265,0
24266,0
24267,0
24268,0
24269,1
24270,0
24271,0
24272,0
24273,0
24274,0
24275,0
24276,1
24277,0
24278,0
24279,0
24280,0
24281,0
24282,0
24283,0
24284,0
24285,0
24286,1
24287,1
24288,0
24289,0
24290,1
24291,0
24292,0
24293,0
24294,1
24295,1
24296,0
24297,0
24298,1
24299,1
24300,1
24301,1
24302,0
24303,1
24304,0
24305,0
24306,0
24307,0
24308,0
24309,1
24310,0
24311,0
24312,1
24313,0
24314,0
24315,0
24316,0
24317,1
24318,0
24319,0
24320,1
24321,0
24322,1
24323,0
24324,0
24325,1
24326,0
24327,0
24328,1
24329,0
24330,1
24331,0
24332,0
24333,0
24334,0
24335,0
24336,1
24337,0
24338,0
24339,0
24340,0
24341,0
24342,1
24343,0
24344,1
24345,0
24346,1
24347,0
24348,0
24349,0
24350,0
24351,1
24352,0
24353,0
24354,0
24355,1
24356,0
24357,0
24358,1
24359,0
24360,1
24361,0
24362,1
24363,1
24364,0
24365,0
24366,0
24367,1
24368,0
24369,1
24370,0
24371,0
24372,0
24373,1
24374,0
24375,0
24376,0
24377,0
24378,0
24379,1
24380,1
24381,0
24382,0
24383,0
24384,0
24385,0
24386,0
24387,0
24388,0
24389,0
24390,0
24391,0
24392,1
24393,0
24394,0
24395,1
24396,1
24397,0
24398,1
24399,0
24400,0
24401,1
24402,0
24403,0
24404,0
24405,0
24406,1
24407,1
24408,0
24409,0
24410,1
24411,0
24412,0
24413,1
24414,1
24415,0
24416,1
24417,0
24418,0
24419,1
24420,0
24421,0
24422,0
24423,0
24424,0
24425,0
24426,0
24427,0
24428,0
24429,0
24430,0
24431,1
24432,0
24433,0
24434,0
24435,0
24436,0
24437,0
24438,0
24439,0
24440,0
24441,1
24442,0
24443,0
24444,1
24445,1
24446,0
24447,0
24448,0
24449,1
24450,1
24451,0
24452,0
24453,1
24454,0
24455,0
24456,0
24457,0
24458,0
24459,1
24460,1
24461,1
24462,0
24463,0
24464,0
24465,0
24466,0
24467,0
24468,0
24469,0
24470,1
24471,0
24472,0
24473,0
24474,0
24475,0
24476,0
24477,0
24478,0
24479,0
24480,0
24481,1
24482,1
24483,1
24484,0
24485,1
24486,0
24487,0
24488,1
24489,0
24490,1
24491,0
24492,0
24493,0
24494,1
24495,0
24496,1
24497,0
24498,0
24499,0
24500,0
24501,0
24502,0
24503,1
24504,1
24505,1
24506,0
24507,0
24508,0
24509,0
24510,0
24511,1
24512,0
24513,0
24514,0
24515,0
24516,0
24517,0
24518,0
24519,1
24520,0
24521,0
24522,0
24523,0
24524,0
24525,0
24526,0
24527,0
24528,1
24529,0
24530,1
24531,0
24532,0
24533,1
24534,1
24535,0
24536,0
24537,0
24538,0
24539,0
24540,0
24541,0
24542,0
24543,0
24544,0
24545,1
24546,0
24547,1
24548,0
24549,1
24550,1
24551,1
24552,0
24553,1
24554,1
24555,0
24556,0
24557,1
24558,0
24559,1
24560,0
24561,1
24562,0
24563,0
24564,0
24565,1
24566,0
24567,0
24568,1
24569,1
24570,0
24571,1
24572,0
24573,1
24574,0
24575,0
24576,0
24577,0
24578,0
24579,1
24580,1
24581,0
24582,0
24583,0
24584,0
24585,0
24586,0
24587,1
24588,1
24589,0
24590,0
24591,0
24592,0
24593,0
24594,1
24595,1
24596,1
24597,0
24598,0
24599,1
24600,0
24601,1
24602,1
24603,0
24604,0
24605,0
24606,0
24607,0
24608,1
24609,1
24610,0
24611,0
24612,0
24613,1
24614,0
24615,0
24616,0
24617,1
24618,1
24619,0
24620,0
24621,1
24622,0
24623,0
24624,0
24625,0
24626,0
24627,0
24628,1
24629,0
24630,0
24631,0
24632,0
24633,0
24634,1
24635,0
24636,1
24637,1
24638,0
24639,0
24640,1
24641,0
24642,0
24643,0
24644,0
24645,0
24646,0
24647,1
24648,0
24649,0
24650,0
24651,1
24652,0
24653,0
24654,0
24655,0
24656,0
24657,1
24658,0
24659,0
24660,0
24661,0
24662,0
24663,0
24664,0
24665,1
24666,0
24667,0
24668,0
24669,0
24670,0
24671,0
24672,0
24673,0
24674,0
24675,1
24676,0
24677,0
24678,1
24679,0
24680,0
24681,0
24682,0
24683,0
24684,0
24685,1
24686,0
24687,1
24688,0
24689,0
24690,0
24691,0
24692,0
24693,1
24694,0
24695,0
24696,1
24697,0
24698,1
24699,0
24700,0
24701,0
24702,0
24703,0
24704,0
24705,0
24706,0
24707,0
24708,0
24709,0
24710,0
24711,0
24712,1
24713,0
24714,0
24715,1
24716,0
24717,1
24718,1
24719,0
24720,0
24721,0
24722,0
24723,0
24724,0
24725,0
24726,0
24727,0
24728,1
24729,0
24730,1
24731,0
24732,0
24733,0
24734,0
24735,0
24736,0
24737,0
24738,0
24739,0
24740,0
24741,1
24742,0
24743,0
24744,0
24745,0
24746,0
24747,0
24748,0
24749,0
24750,0
24751,1
24752,0
24753,1
24754,1
24755,0
24756,0
24757,0
24758,0
24759,1
24760,0
24761,0
24762,0
24763,0
24764,0
24765,0
24766,1
24767,0
24768,1
24769,0
24770,0
24771,0
24772,1
24773,1
24774,0
24775,0
24776,1
24777,0
24778,1
24779,0
24780,0
24781,0
24782,0
24783,0
24784,0
24785,0
24786,0
24787,0
24788,1
24789,0
24790,1
24791,0
24792,0
24793,0
24794,0
24795,0
24796,1
24797,1
24798,0
24799,0
24800,1
24801,0
24802,1
24803,0
24804,0
24805,0
24806,0
24807,0
24808,0
24809,0
24810,0
24811,0
24812,0
24813,0
24814,0
24815,1
24816,0
24817,0
24818,1
24819,0
24820,0
24821,0
24822,1
24823,0
24824,0
24825,0
24826,1
24827,0
24828,0
24829,0
24830,0
24831,1
24832,0
24833,0
24834,0
24835,0
24836,0
24837,0
24838,0
24839,0
24840,0
24841,0
24842,0
24843,0
24844,0
24845,1
24846,0
24847,1
24848,0
24849,0
24850,0
24851,0
24852,1
24853,1
24854,0
24855,0
24856,0
24857,0
24858,1
24859,0
24860,0
24861,0
24862,0
24863,0
24864,0
24865,0
24866,0
24867,0
24868,0
24869,0
24870,0
24871,0
24872,0
24873,1
24874,1
24875,0
24876,0
24877,1
24878,0
24879,0
24880,0
24881,0
24882,0
24883,0
24884,0
24885,1
24886,0
24887,0
24888,0
24889,0
24890,0
24891,0
24892,1
24893,1
24894,0
24895,0
24896,0
24897,0
24898,0
24899,0
24900,1
24901,1
24902,0
24903,0
24904,0
24905,0
24906,0
24907,0
24908,0
24909,0
24910,0
24911,0
24912,0
24913,0
24914,1
24915,0
24916,0
24917,0
24918,0
24919,0
24920,0
24921,0
24922,0
24923,0
24924,0
24925,0
24926,1
24927,1
24928,0
24929,1
24930,1
24931,0
24932,0
24933,0
24934,1
24935,1
24936,1
24937,0
24938,0
24939,1
24940,1
24941,1
24942,0
24943,0
24944,1
24945,0
24946,0
24947,0
24948,1
24949,0
24950,0
24951,1
24952,0
24953,0
24954,1
24955,0
24956,0
24957,0
24958,0
24959,0
24960,1
24961,0
24962,0
24963,1
24964,0
24965,0
24966,0
24967,0
24968,0
24969,1
24970,1
24971,0
24972,0
24973,0
24974,1
24975,0
24976,0
24977,0
24978,0
24979,0
24980,0
24981,0
24982,0
24983,0
24984,1
24985,0
24986,0
24987,0
24988,0
24989,1
24990,0
24991,0
24992,0
24993,0
24994,0
24995,0
24996,0
24997,1
24998,0
24999,1
25000,0
25001,0
25002,1
25003,0
25004,0
25005,0
25006,1
25007,1
25008,0
25009,0
25010,0
25011,0
25012,0
25013,0
25014,1
25015,0
25016,0
25017,0
25018,0
25019,0
25020,0
25021,0
25022,1
25023,0
25024,1
25025,1
25026,1
25027,0
25028,1
25029,0
25030,0
25031,0
25032,0
25033,0
25034,0
25035,0
25036,0
25037,1
25038,0
25039,0
25040,0
25041,0
25042,0
25043,1
25044,0
25045,0
25046,0
25047,0
25048,0
25049,0
25050,0
25051,0
25052,0
25053,0
25054,1
25055,0
25056,0
25057,0
25058,0
25059,0
25060,0
25061,1
25062,1
25063,1
25064,0
25065,0
25066,0
25067,0
25068,0
25069,0
25070,1
25071,0
25072,1
25073,0
25074,0
25075,0
25076,0
25077,0
25078,0
25079,0
25080,0
25081,0
25082,0
25083,0
25084,1
25085,0
25086,0
25087,0
25088,0
25089,0
25090,0
25091,0
25092,1
25093,1
25094,0
25095,0
25096,1
25097,1
25098,0
25099,0
25100,0
25101,0
25102,1
25103,0
25104,0
25105,0
25106,1
25107,0
25108,0
25109,0
25110,0
25111,0
25112,0
25113,0
25114,0
25115,1
25116,0
25117,0
25118,0
25119,1
25120,0
25121,0
25122,1
25123,1
25124,0
25125,0
25126,0
25127,0
25128,0
25129,0
25130,0
25131,0
25132,0
25133,0
25134,0
25135,0
25136,0
25137,1
25138,0
25139,0
25140,0
25141,0
25142,0
25143,1
25144,0
25145,0
25146,0
25147,1
25148,0
25149,0
25150,0
25151,0
25152,0
25153,0
25154,0
25155,0
25156,0
25157,0
25158,1
25159,1
25160,0
25161,1
25162,0
25163,1
25164,0
25165,0
25166,0
25167,0
25168,0
25169,0
25170,0
25171,1
25172,0
25173,1
25174,1
25175,1
25176,1
25177,1
25178,0
25179,0
25180,0
25181,1
25182,1
25183,1
25184,1
25185,0
25186,1
25187,1
25188,0
25189,1
25190,0
25191,1
25192,1
25193,0
25194,1
25195,0
25196,1
25197,1
25198,0
25199,0
25200,1
25201,1
25202,0
25203,1
25204,0
25205,0
25206,0
25207,1
25208,1
25209,0
25210,0
25211,0
25212,0
25213,0
25214,0
25215,0
25216,0
25217,0
25218,1
25219,0
25220,0
25221,1
25222,0
25223,1
25224,0
25225,0
25226,0
25227,0
25228,0
25229,0
25230,0
25231,0
25232,0
25233,0
25234,1
25235,0
25236,0
25237,1
25238,0
25239,0
25240,0
25241,0
25242,1
25243,1
25244,0
25245,0
25246,0
25247,0
25248,0
25249,1
25250,0
25251,0
25252,0
25253,0
25254,0
25255,0
25256,1
25257,0
25258,1
25259,0
25260,1
25261,1
25262,0
25263,1
25264,0
25265,0
25266,0
25267,0
25268,0
25269,0
25270,0
25271,0
25272,0
25273,0
25274,0
25275,1
25276,0
25277,0
25278,1
25279,0
25280,0
25281,0
25282,0
25283,0
25284,1
25285,1
25286,1
25287,1
25288,0
25289,0
25290,0
25291,0
25292,0
25293,1
25294,0
25295,0
25296,1
25297,0
25298,0
25299,0
25300,0
25301,0
25302,0
25303,1
25304,0
25305,0
25306,0
25307,0
25308,1
25309,0
25310,1
25311,0
25312,0
25313,0
25314,0
25315,0
25316,0
25317,1
25318,0
25319,0
25320,0
25321,0
25322,0
25323,1
25324,0
25325,0
25326,0
25327,0
25328,1
25329,0
25330,1
25331,0
25332,0
25333,0
25334,0
25335,0
25336,0
25337,0
25338,1
25339,0
25340,0
25341,0
25342,0
25343,1
25344,0
25345,0
25346,0
25347,0
25348,0
25349,1
25350,0
25351,0
25352,0
25353,0
25354,1
25355,0
25356,1
25357,0
25358,0
25359,0
25360,0
25361,0
25362,0
25363,0
25364,0
25365,0
25366,0
25367,0
25368,0
25369,1
25370,0
25371,0
25372,0
25373,0
25374,0
25375,0
25376,0
25377,0
25378,0
25379,0
25380,1
25381,0
25382,1
25383,0
25384,0
25385,0
25386,0
25387,0
25388,1
25389,0
25390,0
25391,0
25392,0
25393,0
25394,0
25395,0
25396,0
25397,0
25398,1
25399,0
25400,0
25401,1
25402,0
25403,0
25404,0
25405,0
25406,0
25407,0
25408,0
25409,0
25410,0
25411,0
25412,0
25413,0
25414,0
25415,0
25416,1
25417,0
25418,0
25419,1
25420,1
25421,0
25422,1
25423,0
25424,0
25425,1
25426,0
25427,0
25428,0
25429,0
25430,0
25431,0
25432,0
25433,1
25434,1
25435,0
25436,0
25437,0
25438,0
25439,0
25440,0
25441,1
25442,0
25443,0
25444,1
25445,0
25446,1
25447,0
25448,0
25449,0
25450,1
25451,0
25452,0
25453,0
25454,1
25455,0
25456,0
25457,0
25458,1
25459,0
25460,0
25461,1
25462,0
25463,0
25464,1
25465,0
25466,0
25467,0
25468,1
25469,0
25470,0
25471,0
25472,0
25473,0
25474,0
25475,0
25476,0
25477,1
25478,0
25479,0
25480,0
25481,0
25482,0
25483,0
25484,0
25485,0
25486,0
25487,0
25488,0
25489,1
25490,0
25491,0
25492,1
25493,0
25494,1
25495,0
25496,0
25497,0
25498,0
25499,0
25500,0
25501,0
25502,1
25503,0
25504,1
25505,0
25506,0
25507,0
25508,0
25509,0
25510,0
25511,1
25512,0
25513,0
25514,0
25515,0
25516,0
25517,0
25518,0
25519,0
25520,0
25521,0
25522,0
25523,0
25524,0
25525,0
25526,0
25527,0
25528,0
25529,0
25530,0
25531,1
25532,0
25533,1
25534,0
25535,0
25536,0
25537,1
25538,1
25539,1
25540,0
25541,0
25542,0
25543,0
25544,1
25545,0
25546,0
25547,0
25548,0
25549,1
25550,0
25551,0
25552,0
25553,1
25554,0
25555,0
25556,1
25557,1
25558,0
25559,0
25560,0
25561,0
25562,0
25563,0
25564,0
25565,0
25566,0
25567,0
25568,0
25569,0
25570,1
25571,0
25572,0
25573,0
25574,0
25575,0
25576,0
25577,0
25578,0
25579,0
25580,0
25581,0
25582,1
25583,0
25584,0
25585,0
25586,0
25587,1
25588,0
25589,0
25590,0
25591,1
25592,0
25593,0
25594,0
25595,0
25596,0
25597,1
25598,0
25599,0
25600,0
25601,0
25602,0
25603,0
25604,0
25605,1
25606,0
25607,0
25608,1
25609,1
25610,0
25611,0
25612,0
25613,0
25614,0
25615,0
25616,0
25617,0
25618,0
25619,0
25620,1
25621,0
25622,0
25623,1
25624,0
25625,0
25626,0
25627,0
25628,0
25629,0
25630,1
25631,1
25632,1
25633,0
25634,1
25635,0
25636,1
25637,0
25638,0
25639,1
25640,0
25641,0
25642,0
25643,0
25644,0
25645,0
25646,1
25647,1
25648,0
25649,0
25650,0
25651,0
25652,0
25653,1
25654,0
25655,0
25656,1
25657,0
25658,0
25659,0
25660,0
25661,0
25662,0
25663,0
25664,0
25665,0
25666,0
25667,1
25668,0
25669,0
25670,0
25671,0
25672,0
25673,0
25674,1
25675,0
25676,1
25677,0
25678,0
25679,1
25680,0
25681,1
25682,1
25683,0
25684,0
25685,0
25686,1
25687,0
25688,0
25689,0
25690,0
25691,0
25692,0
25693,0
25694,0
25695,0
25696,0
25697,0
25698,0
25699,0
25700,0
25701,0
25702,0
25703,0
25704,1
25705,0
25706,0
25707,0
25708,0
25709,1
25710,1
25711,0
25712,1
25713,0
25714,0
25715,0
25716,0
25717,0
25718,0
25719,0
25720,0
25721,1
25722,0
25723,0
25724,1
25725,0
25726,0
25727,0
25728,1
25729,0
25730,0
25731,0
25732,0
25733,0
25734,0
25735,0
25736,0
25737,1
25738,0
25739,0
25740,1
25741,0
25742,1
25743,0
25744,1
25745,0
25746,0
25747,0
25748,1
25749,0
25750,0
25751,0
25752,0
25753,0
25754,0
25755,0
25756,0
25757,0
25758,0
25759,0
25760,0
25761,0
25762,0
25763,0
25764,1
25765,1
25766,0
25767,0
25768,0
25769,0
25770,0
25771,1
25772,0
25773,0
25774,0
25775,0
25776,0
25777,1
25778,0
25779,0
25780,0
25781,0
25782,1
25783,0
25784,0
25785,1
25786,0
25787,0
25788,1
25789,0
25790,0
25791,0
25792,0
25793,0
25794,0
25795,0
25796,0
25797,0
25798,0
25799,1
25800,0
25801,0
25802,0
25803,0
25804,1
25805,0
25806,0
25807,0
25808,0
25809,0
25810,0
25811,0
25812,0
25813,0
25814,0
25815,0
25816,0
25817,0
25818,0
25819,1
25820,0
25821,1
25822,0
25823,0
25824,0
25825,0
25826,0
25827,0
25828,0
25829,1
25830,0
25831,0
25832,0
25833,0
25834,1
25835,0
25836,1
25837,0
25838,0
25839,1
25840,1
25841,0
25842,0
25843,0
25844,0
25845,1
25846,0
25847,0
25848,0
25849,0
25850,0
25851,1
25852,1
25853,0
25854,0
25855,0
25856,1
25857,0
25858,1
25859,0
25860,1
25861,1
25862,1
25863,1
25864,1
25865,0
25866,0
25867,0
25868,0
25869,0
25870,1
25871,0
25872,0
25873,0
25874,0
25875,0
25876,0
25877,0
25878,1
25879,0
25880,0
25881,0
25882,0
25883,1
25884,0
25885,1
25886,0
25887,0
25888,0
25889,0
25890,0
25891,0
25892,0
25893,0
25894,0
25895,0
25896,0
25897,0
25898,0
25899,1
25900,0
25901,0
25902,1
25903,0
25904,0
25905,0
25906,0
25907,0
25908,0
25909,0
25910,0
25911,0
25912,0
25913,1
25914,0
25915,0
25916,1
25917,1
25918,1
25919,0
25920,0
25921,0
25922,0
25923,1
25924,0
25925,0
25926,0
25927,0
25928,0
25929,0
25930,0
25931,0
25932,0
25933,1
25934,0
25935,0
25936,0
25937,0
25938,0
25939,0
25940,0
25941,0
25942,0
25943,0
25944,0
25945,0
25946,0
25947,0
25948,0
25949,0
25950,0
25951,1
25952,0
25953,0
25954,1
25955,0
25956,0
25957,0
25958,0
25959,0
25960,0
25961,0
25962,1
25963,1
25964,0
25965,0
25966,0
25967,0
25968,1
25969,0
25970,0
25971,0
25972,0
25973,1
25974,0
25975,0
25976,0
25977,0
25978,0
25979,1
25980,0
25981,0
25982,0
25983,1
25984,0
25985,0
25986,0
25987,1
25988,0
25989,0
25990,0
25991,0
25992,0
25993,1
25994,0
25995,0
25996,1
25997,0
25998,0
25999,0
26000,0
26001,0
26002,1
26003,0
26004,0
26005,0
26006,1
26007,0
26008,0
26009,1
26010,0
26011,0
26012,0
26013,1
26014,0
26015,0
26016,0
26017,0
26018,0
26019,0
26020,0
26021,1
26022,0
26023,1
26024,0
26025,0
26026,1
26027,1
26028,0
26029,0
26030,0
26031,0
26032,0
26033,1
26034,0
26035,1
26036,0
26037,0
26038,0
26039,0
26040,0
26041,0
26042,0
26043,0
26044,1
26045,0
26046,0
26047,0
26048,0
26049,0
26050,0
26051,0
26052,0
26053,0
26054,0
26055,0
26056,0
26057,0
26058,1
26059,0
26060,0
26061,1
26062,0
26063,1
26064,0
26065,0
26066,0
26067,0
26068,0
26069,0
26070,1
26071,0
26072,0
26073,0
26074,0
26075,0
26076,0
26077,1
26078,0
26079,0
26080,0
26081,1
26082,0
26083,1
26084,1
26085,0
26086,0
26087,1
26088,1
26089,1
26090,0
26091,1
26092,0
26093,0
26094,0
26095,0
26096,0
26097,0
26098,0
26099,1
26100,0
26101,0
26102,1
26103,0
26104,0
26105,1
26106,0
26107,0
26108,0
26109,1
26110,0
26111,0
26112,0
26113,1
26114,0
26115,1
26116,0
26117,0
26118,1
26119,0
26120,0
26121,0
26122,0
26123,0
26124,0
26125,0
26126,0
26127,1
26128,0
26129,0
26130,1
26131,0
26132,0
26133,1
26134,0
26135,0
26136,1
26137,0
26138,0
26139,1
26140,0
26141,0
26142,0
26143,0
26144,1
26145,0
26146,0
26147,0
26148,0
26149,1
26150,0
26151,1
26152,0
26153,0
26154,0
26155,1
26156,0
26157,0
26158,1
26159,0
26160,0
26161,0
26162,0
26163,0
26164,0
26165,0
26166,0
26167,0
26168,0
26169,0
26170,0
26171,0
26172,0
26173,1
26174,1
26175,0
26176,0
26177,0
26178,0
26179,0
26180,0
26181,0
26182,0
26183,0
26184,0
26185,0
26186,0
26187,0
26188,0
26189,0
26190,0
26191,0
26192,0
26193,0
26194,1
26195,0
26196,0
26197,0
26198,0
26199,0
26200,0
26201,0
26202,0
26203,0
26204,0
26205,0
26206,0
26207,0
26208,0
26209,0
26210,0
26211,0
26212,1
26213,0
26214,1
26215,0
26216,1
26217,1
26218,0
26219,0
26220,0
26221,1
26222,0
26223,0
26224,0
26225,1
26226,0
26227,0
26228,0
26229,0
26230,0
26231,1
26232,0
26233,0
26234,0
26235,1
26236,0
26237,0
26238,0
26239,0
26240,0
26241,0
26242,0
26243,0
26244,0
26245,0
26246,0
26247,1
26248,0
26249,0
26250,0
26251,0
26252,0
26253,0
26254,0
26255,1
26256,0
26257,0
26258,1
26259,0
26260,1
26261,0
26262,0
26263,0
26264,0
26265,0
26266,0
26267,0
26268,0
26269,1
26270,0
26271,0
26272,0
26273,0
26274,0
26275,0
26276,0
26277,0
26278,0
26279,1
26280,0
26281,1
26282,0
26283,0
26284,0
26285,0
26286,1
26287,0
26288,0
26289,0
26290,0
26291,1
26292,0
26293,0
26294,0
26295,0
26296,0
26297,0
26298,1
26299,0
26300,0
26301,0
26302,0
26303,0
26304,0
26305,1
26306,0
26307,1
26308,1
26309,0
26310,1
26311,0
26312,0
26313,0
26314,1
26315,1
26316,0
26317,0
26318,0
26319,1
26320,0
26321,0
26322,0
26323,0
26324,0
26325,0
26326,0
26327,0
26328,1
26329,0
26330,0
26331,0
26332,0
26333,0
26334,0
26335,0
26336,0
26337,0
26338,0
26339,0
26340,0
26341,0
26342,0
26343,0
26344,0
26345,0
26346,0
26347,1
26348,1
26349,1
26350,0
26351,0
26352,0
26353,0
26354,0
26355,0
26356,0
26357,0
26358,0
26359,0
26360,0
26361,0
26362,0
26363,0
26364,0
26365,0
26366,0
26367,0
26368,0
26369,0
26370,0
26371,0
26372,1
26373,0
26374,0
26375,1
26376,0
26377,0
26378,0
26379,1
26380,1
26381,0
26382,0
26383,0
26384,0
26385,0
26386,0
26387,0
26388,0
26389,0
26390,0
26391,0
26392,0
26393,0
26394,0
26395,1
26396,0
26397,1
26398,0
26399,0
26400,0
26401,0
26402,0
26403,0
26404,0
26405,0
26406,0
26407,0
26408,0
26409,0
26410,0
26411,0
26412,0
26413,1
26414,0
26415,0
26416,0
26417,1
26418,0
26419,0
26420,1
26421,0
26422,0
26423,0
26424,0
26425,0
26426,0
26427,1
26428,0
26429,0
26430,0
26431,0
26432,0
26433,0
26434,0
26435,0
26436,1
26437,0
26438,0
26439,0
26440,0
26441,1
26442,0
26443,0
26444,0
26445,1
26446,0
26447,1
26448,0
26449,0
26450,0
26451,0
26452,0
26453,0
26454,0
26455,1
26456,0
26457,0
26458,0
26459,0
26460,0
26461,0
26462,0
26463,0
26464,0
26465,0
26466,0
26467,0
26468,0
26469,0
26470,0
26471,0
26472,1
26473,0
26474,0
26475,0
26476,0
26477,0
26478,0
26479,0
26480,0
26481,0
26482,0
26483,0
26484,0
26485,1
26486,0
26487,1
26488,0
26489,0
26490,0
26491,0
26492,1
26493,0
26494,0
26495,1
26496,0
26497,0
26498,1
26499,1
26500,0
26501,0
26502,0
26503,1
26504,0
26505,0
26506,0
26507,0
26508,1
26509,1
26510,0
26511,1
26512,0
26513,0
26514,0
26515,0
26516,0
26517,1
26518,1
26519,0
26520,1
26521,1
26522,0
26523,0
26524,0
26525,0
26526,0
26527,0
26528,1
26529,0
26530,1
26531,1
26532,0
26533,0
26534,1
26535,0
26536,1
26537,0
26538,0
26539,0
26540,0
26541,0
26542,0
26543,0
26544,0
26545,0
26546,0
26547,0
26548,1
26549,0
26550,0
26551,0
26552,0
26553,1
26554,1
26555,0
26556,0
26557,1
26558,0
26559,0
26560,1
26561,0
26562,0
26563,0
26564,1
26565,1
26566,0
26567,1
26568,0
26569,0
26570,0
26571,1
26572,1
26573,0
26574,0
26575,0
26576,1
26577,1
26578,0
26579,0
26580,0
26581,0
26582,0
26583,0
26584,0
26585,0
26586,0
26587,0
26588,1
26589,1
26590,0
26591,0
26592,0
26593,0
26594,1
26595,0
26596,0
26597,1
26598,0
26599,0
26600,0
26601,0
26602,0
26603,0
26604,0
26605,0
26606,1
26607,0
26608,0
26609,0
26610,1
26611,0
26612,0
26613,0
26614,0
26615,0
26616,1
26617,0
26618,1
26619,0
26620,1
26621,0
26622,0
26623,0
26624,0
26625,0
26626,1
26627,0
26628,0
26629,0
26630,0
26631,0
26632,1
26633,0
26634,0
26635,0
26636,0
26637,0
26638,0
26639,0
26640,0
26641,1
26642,0
26643,0
26644,1
26645,0
26646,0
26647,0
26648,1
26649,0
26650,1
26651,1
26652,1
26653,0
26654,0
26655,0
26656,0
26657,0
26658,1
26659,1
26660,0
26661,0
26662,1
26663,1
26664,0
26665,0
26666,0
26667,0
26668,0
26669,0
26670,0
26671,0
26672,0
26673,0
26674,0
26675,0
26676,0
26677,0
26678,0
26679,0
26680,0
26681,1
26682,0
26683,0
26684,1
26685,1
26686,1
26687,1
26688,1
26689,0
26690,0
26691,0
26692,1
26693,0
26694,0
26695,0
26696,0
26697,0
26698,0
26699,0
26700,1
26701,0
26702,0
26703,1
26704,0
26705,0
26706,0
26707,0
26708,1
26709,0
26710,1
26711,1
26712,0
26713,1
26714,0
26715,0
26716,0
26717,0
26718,0
26719,0
26720,0
26721,0
26722,0
26723,0
26724,0
26725,0
26726,0
26727,1
26728,0
26729,0
26730,0
26731,1
26732,0
26733,1
26734,0
26735,0
26736,0
26737,0
26738,0
26739,1
26740,0
26741,1
26742,1
26743,0
26744,1
26745,0
26746,0
26747,1
26748,0
26749,0
26750,1
26751,0
26752,1
26753,0
26754,0
26755,0
26756,0
26757,0
26758,0
26759,0
26760,0
26761,0
26762,0
26763,0
26764,0
26765,1
26766,0
26767,0
26768,0
26769,0
26770,1
26771,0
26772,0
26773,0
26774,1
26775,1
26776,0
26777,1
26778,0
26779,0
26780,1
26781,0
26782,0
26783,0
26784,0
26785,1
26786,0
26787,1
26788,0
26789,0
26790,0
26791,0
26792,0
26793,1
26794,0
26795,0
26796,0
26797,0
26798,1
26799,0
26800,0
26801,0
26802,1
26803,0
26804,0
26805,1
26806,0
26807,0
26808,0
26809,0
26810,0
26811,1
26812,0
26813,0
26814,0
26815,0
26816,0
26817,0
26818,0
26819,0
26820,0
26821,0
26822,0
26823,0
26824,0
26825,0
26826,0
26827,0
26828,0
26829,1
26830,0
26831,1
26832,0
26833,0
26834,0
26835,0
26836,0
26837,0
26838,0
26839,0
26840,0
26841,0
26842,0
26843,0
26844,0
26845,0
26846,1
26847,1
26848,0
26849,1
26850,1
26851,0
26852,1
26853,0
26854,0
26855,0
26856,0
26857,0
26858,0
26859,1
26860,0
26861,0
26862,0
26863,0
26864,0
26865,0
26866,1
26867,0
26868,0
26869,0
26870,1
26871,1
26872,0
26873,0
26874,0
26875,0
26876,0
26877,0
26878,0
26879,0
26880,1
26881,1
26882,1
26883,0
26884,1
26885,0
26886,0
26887,0
26888,0
26889,0
26890,1
26891,0
26892,0
26893,0
26894,1
26895,0
26896,1
26897,0
26898,1
26899,0
26900,1
26901,0
26902,0
26903,0
26904,0
26905,0
26906,1
26907,0
26908,0
26909,0
26910,0
26911,0
26912,0
26913,0
26914,0
26915,1
26916,1
26917,0
26918,1
26919,0
26920,0
26921,0
26922,0
26923,1
26924,0
26925,0
26926,1
26927,0
26928,0
26929,0
26930,1
26931,0
26932,0
26933,1
26934,0
26935,1
26936,0
26937,0
26938,1
26939,1
26940,0
26941,0
26942,0
26943,1
26944,0
26945,0
26946,0
26947,0
26948,1
26949,1
26950,0
26951,0
26952,0
26953,0
26954,0
26955,0
26956,0
26957,0
26958,0
26959,1
26960,0
26961,0
26962,0
26963,0
26964,0
26965,0
26966,1
26967,1
26968,0
26969,0
26970,0
26971,1
26972,0
26973,0
26974,0
26975,1
26976,0
26977,1
26978,1
26979,0
26980,0
26981,0
26982,0
26983,0
26984,0
26985,1
26986,0
26987,0
26988,0
26989,0
26990,0
26991,0
26992,0
26993,0
26994,0
26995,1
26996,0
26997,1
26998,0
26999,0
27000,1
27001,0
27002,0
27003,0
27004,0
27005,0
27006,0
27007,1
27008,0
27009,1
27010,0
27011,1
27012,1
27013,0
27014,1
27015,0
27016,0
27017,0
27018,0
27019,0
27020,0
27021,1
27022,0
27023,0
27024,0
27025,1
27026,0
27027,0
27028,1
27029,0
27030,1
27031,0
27032,0
27033,0
27034,1
27035,1
27036,0
27037,0
27038,1
27039,0
27040,0
27041,0
27042,1
27043,0
27044,0
27045,0
27046,0
27047,1
27048,1
27049,0
27050,0
27051,0
27052,0
27053,0
27054,1
27055,0
27056,0
27057,1
27058,0
27059,0
27060,0
27061,1
27062,0
27063,0
27064,0
27065,1
27066,0
27067,1
27068,0
27069,1
27070,0
27071,0
27072,1
27073,1
27074,0
27075,0
27076,0
27077,0
27078,1
27079,0
27080,0
27081,0
27082,0
27083,0
27084,0
27085,0
27086,0
27087,0
27088,0
27089,0
27090,0
27091,0
27092,1
27093,0
27094,0
27095,0
27096,0
27097,0
27098,0
27099,0
27100,0
27101,0
27102,0
27103,0
27104,0
27105,0
27106,1
27107,0
27108,0
27109,0
27110,0
27111,0
27112,0
27113,0
27114,0
27115,0
27116,0
27117,1
27118,0
27119,0
27120,0
27121,1
27122,1
27123,0
27124,0
27125,0
27126,0
27127,0
27128,0
27129,1
27130,0
27131,0
27132,0
27133,0
27134,0
27135,0
27136,0
27137,1
27138,0
27139,0
27140,1
27141,0
27142,1
27143,0
27144,0
27145,0
27146,0
27147,0
27148,0
27149,1
27150,0
27151,1
27152,0
27153,0
27154,0
27155,1
27156,0
27157,0
27158,1
27159,0
27160,0
27161,1
27162,0
27163,0
27164,1
27165,0
27166,1
27167,1
27168,0
27169,1
27170,0
27171,0
27172,0
27173,1
27174,1
27175,0
27176,0
27177,0
27178,0
27179,1
27180,0
27181,1
27182,0
27183,0
27184,0
27185,0
27186,0
27187,0
27188,0
27189,0
27190,0
27191,1
27192,0
27193,1
27194,0
27195,0
27196,0
27197,0
27198,1
27199,0
27200,0
27201,0
27202,0
27203,0
27204,1
27205,1
27206,1
27207,0
27208,0
27209,1
27210,0
27211,0
27212,1
27213,1
27214,0
27215,1
27216,0
27217,1
27218,0
27219,0
27220,0
27221,0
27222,1
27223,0
27224,0
27225,0
27226,0
27227,1
27228,0
27229,0
27230,1
27231,1
27232,0
27233,0
27234,0
27235,0
27236,0
27237,0
27238,0
27239,0
27240,0
27241,0
27242,1
27243,1
27244,0
27245,0
27246,0
27247,0
27248,0
27249,0
27250,1
27251,0
27252,0
27253,0
27254,0
27255,0
27256,0
27257,0
27258,0
27259,1
27260,1
27261,0
27262,1
27263,1
27264,1
27265,0
27266,0
27267,1
27268,1
27269,1
27270,0
27271,0
27272,0
27273,0
27274,0
27275,0
27276,0
27277,0
27278,1
27279,0
27280,1
27281,0
27282,0
27283,0
27284,0
27285,0
27286,0
27287,0
27288,0
27289,0
27290,0
27291,0
27292,1
27293,0
27294,0
27295,1
27296,0
27297,1
27298,1
27299,0
27300,0
27301,0
27302,0
27303,0
27304,0
27305,0
27306,0
27307,0
27308,1
27309,1
27310,0
27311,0
27312,0
27313,0
27314,0
27315,0
27316,0
27317,0
27318,0
27319,0
27320,0
27321,1
27322,0
27323,0
27324,1
27325,0
27326,0
27327,0
27328,1
27329,1
27330,0
27331,0
27332,0
27333,0
27334,0
27335,0
27336,0
27337,1
27338,1
27339,0
27340,0
27341,1
27342,0
27343,0
27344,0
27345,0
27346,0
27347,0
27348,0
27349,0
27350,0
27351,0
27352,0
27353,0
27354,0
27355,0
27356,0
27357,0
27358,0
27359,0
27360,1
27361,0
27362,0
27363,0
27364,0
27365,0
27366,0
27367,0
27368,1
27369,0
27370,0
27371,1
27372,0
27373,1
27374,0
27375,0
27376,0
27377,0
27378,0
27379,0
27380,1
27381,0
27382,0
27383,0
27384,1
27385,1
27386,0
27387,1
27388,0
27389,0
27390,0
27391,0
27392,0
27393,0
27394,0
27395,0
27396,0
27397,0
27398,0
27399,0
27400,0
27401,0
27402,0
27403,1
27404,0
27405,0
27406,1
27407,0
27408,0
27409,0
27410,0
27411,0
27412,0
27413,0
27414,1
27415,0
27416,0
27417,1
27418,0
27419,1
27420,1
27421,0
27422,0
27423,0
27424,0
27425,0
27426,1
27427,0
27428,0
27429,1
27430,0
27431,0
27432,0
27433,0
27434,0
27435,0
27436,0
27437,0
27438,0
27439,0
27440,1
27441,1
27442,0
27443,1
27444,0
27445,0
27446,0
27447,0
27448,1
27449,1
27450,0
27451,0
27452,0
27453,1
27454,0
27455,1
27456,1
27457,0
27458,0
27459,0
27460,0
27461,1
27462,0
27463,0
27464,0
27465,1
27466,0
27467,0
27468,1
27469,1
27470,1
27471,0
27472,1
27473,0
27474,0
27475,0
27476,1
27477,1
27478,0
27479,0
27480,0
27481,0
27482,0
27483,1
27484,0
27485,1
27486,1
27487,0
27488,0
27489,0
27490,0
27491,0
27492,0
27493,0
27494,1
27495,0
27496,0
27497,0
27498,0
27499,1
27500,1
27501,1
27502,0
27503,0
27504,0
27505,0
27506,0
27507,0
27508,0
27509,0
27510,1
27511,0
27512,1
27513,0
27514,0
27515,0
27516,0
27517,0
27518,0
27519,0
27520,0
27521,0
27522,1
27523,0
27524,1
27525,0
27526,0
27527,0
27528,0
27529,0
27530,0
27531,1
27532,0
27533,0
27534,1
27535,0
27536,1
27537,1
27538,0
27539,0
27540,0
27541,1
27542,0
27543,0
27544,0
27545,0
27546,0
27547,0
27548,0
27549,0
27550,1
27551,1
27552,0
27553,0
27554,1
27555,1
27556,0
27557,1
27558,0
27559,0
27560,1
27561,0
27562,0
27563,0
27564,1
27565,1
27566,0
27567,1
27568,0
27569,0
27570,0
27571,0
27572,0
27573,0
27574,0
27575,0
27576,0
27577,0
27578,1
27579,1
27580,0
27581,0
27582,0
27583,0
27584,0
27585,0
27586,1
27587,0
27588,0
27589,0
27590,1
27591,0
27592,0
27593,1
27594,0
27595,0
27596,0
27597,0
27598,0
27599,1
27600,1
27601,0
27602,1
27603,0
27604,0
27605,1
27606,0
27607,0
27608,0
27609,0
27610,0
27611,1
27612,0
27613,1
27614,1
27615,0
27616,1
27617,0
27618,1
27619,1
27620,0
27621,0
27622,0
27623,0
27624,1
27625,0
27626,0
27627,0
27628,0
27629,0
27630,0
27631,1
27632,1
27633,0
27634,0
27635,0
27636,0
27637,1
27638,0
27639,0
27640,1
27641,1
27642,0
27643,0
27644,0
27645,0
27646,0
27647,0
27648,0
27649,0
27650,0
27651,1
27652,1
27653,0
27654,1
27655,0
27656,0
27657,1
27658,1
27659,1
27660,1
27661,0
27662,0
27663,1
27664,1
27665,1
27666,1
27667,0
27668,0
27669,0
27670,0
27671,0
27672,1
27673,0
27674,0
27675,0
27676,1
27677,0
27678,1
27679,0
27680,0
27681,0
27682,0
27683,0
27684,1
27685,0
27686,1
27687,0
27688,0
27689,0
27690,1
27691,1
27692,0
27693,0
27694,1
27695,0
27696,0
27697,0
27698,0
27699,1
27700,0
27701,1
27702,1
27703,0
27704,1
27705,0
27706,0
27707,0
27708,1
27709,0
27710,0
27711,0
27712,0
27713,0
27714,0
27715,0
27716,0
27717,0
27718,0
27719,0
27720,0
27721,0
27722,0
27723,0
27724,0
27725,0
27726,0
27727,0
27728,0
27729,0
27730,0
27731,1
27732,0
27733,0
27734,0
27735,0
27736,0
27737,1
27738,1
27739,0
27740,0
27741,0
27742,0
27743,1
27744,0
27745,0
27746,0
27747,1
27748,1
27749,1
27750,0
27751,0
27752,0
27753,0
27754,0
27755,0
27756,0
27757,0
27758,0
27759,0
27760,0
27761,1
27762,0
27763,1
27764,1
27765,1
27766,0
27767,0
27768,0
27769,0
27770,0
27771,0
27772,0
27773,0
27774,1
27775,0
27776,0
27777,1
27778,0
27779,0
27780,1
27781,1
27782,0
27783,0
27784,0
27785,0
27786,0
27787,0
27788,0
27789,0
27790,0
27791,1
27792,0
27793,0
27794,1
27795,0
27796,1
27797,0
27798,1
27799,0
27800,1
27801,1
27802,0
27803,0
27804,0
27805,0
27806,0
27807,0
27808,0
27809,1
27810,1
27811,1
27812,0
27813,0
27814,0
27815,0
27816,0
27817,1
27818,0
27819,0
27820,0
27821,0
27822,0
27823,0
27824,0
27825,0
27826,0
27827,0
27828,0
27829,1
27830,0
27831,0
27832,0
27833,0
27834,0
27835,0
27836,0
27837,0
27838,0
27839,0
27840,0
27841,0
27842,1
27843,1
27844,1
27845,0
27846,1
27847,0
27848,1
27849,0
27850,0
27851,1
27852,1
27853,0
27854,0
27855,0
27856,0
27857,0
27858,1
27859,1
27860,0
27861,0
27862,0
27863,0
27864,0
27865,0
27866,0
27867,0
27868,0
27869,0
27870,0
27871,1
27872,0
27873,0
27874,0
27875,0
27876,0
27877,0
27878,0
27879,0
27880,0
27881,1
27882,0
27883,0
27884,0
27885,0
27886,0
27887,0
27888,0
27889,0
27890,0
27891,0
27892,1
27893,0
27894,0
27895,0
27896,0
27897,0
27898,1
27899,0
27900,0
27901,0
27902,0
27903,1
27904,0
27905,1
27906,0
27907,0
27908,0
27909,0
27910,1
27911,0
27912,0
27913,0
27914,1
27915,0
27916,0
27917,0
27918,0
27919,0
27920,1
27921,0
27922,0
27923,1
27924,1
27925,0
27926,0
27927,0
27928,1
27929,0
27930,1
27931,1
27932,0
27933,1
27934,0
27935,0
27936,0
27937,0
27938,0
27939,0
27940,1
27941,0
27942,0
27943,0
27944,1
27945,0
27946,0
27947,0
27948,0
27949,0
27950,0
27951,1
27952,0
27953,0
27954,1
27955,0
27956,0
27957,0
27958,0
27959,0
27960,1
27961,0
27962,0
27963,0
27964,1
27965,1
27966,0
27967,0
27968,0
27969,0
27970,0
27971,0
27972,0
27973,0
27974,0
27975,0
27976,0
27977,0
27978,1
27979,0
27980,0
27981,1
27982,0
27983,0
27984,1
27985,0
27986,0
27987,0
27988,0
27989,0
27990,1
27991,0
27992,0
27993,1
27994,0
27995,0
27996,0
27997,0
27998,0
27999,0
28000,0
28001,0
28002,0
28003,0
28004,1
28005,1
28006,0
28007,0
28008,0
28009,0
28010,1
28011,0
28012,0
28013,0
28014,0
28015,0
28016,0
28017,0
28018,0
28019,0
28020,0
28021,0
28022,0
28023,0
28024,0
28025,0
28026,0
28027,0
28028,0
28029,1
28030,0
28031,0
28032,0
28033,1
28034,0
28035,0
28036,0
28037,1
28038,0
28039,0
28040,0
28041,0
28042,0
28043,1
28044,1
28045,0
28046,0
28047,1
28048,0
28049,0
28050,0
28051,0
28052,0
28053,0
28054,0
28055,1
28056,0
28057,0
28058,1
28059,0
28060,0
28061,0
28062,1
28063,0
28064,0
28065,0
28066,1
28067,0
28068,0
28069,0
28070,0
28071,0
28072,0
28073,1
28074,0
28075,0
28076,0
28077,0
28078,0
28079,1
28080,1
28081,1
28082,1
28083,0
28084,0
28085,0
28086,0
28087,0
28088,0
28089,0
28090,0
28091,0
28092,0
28093,0
28094,0
28095,0
28096,0
28097,0
28098,0
28099,0
28100,1
28101,0
28102,0
28103,1
28104,1
28105,0
28106,0
28107,0
28108,0
28109,1
28110,0
28111,0
28112,0
28113,0
28114,1
28115,0
28116,1
28117,0
28118,0
28119,0
28120,0
28121,0
28122,0
28123,1
28124,0
28125,0
28126,0
28127,1
28128,0
28129,0
28130,0
28131,0
28132,0
28133,1
28134,1
28135,0
28136,0
28137,0
28138,0
28139,1
28140,1
28141,0
28142,0
28143,0
28144,0
28145,0
28146,0
28147,0
28148,0
28149,0
28150,1
28151,1
28152,0
28153,0
28154,0
28155,0
28156,0
28157,0
28158,1
28159,0
28160,0
28161,0
28162,1
28163,0
28164,1
28165,0
28166,0
28167,0
28168,1
28169,0
28170,0
28171,0
28172,0
28173,0
28174,0
28175,0
28176,0
28177,1
28178,0
28179,1
28180,0
28181,0
28182,0
28183,0
28184,0
28185,0
28186,0
28187,1
28188,0
28189,1
28190,0
28191,0
28192,0
28193,0
28194,1
28195,1
28196,0
28197,0
28198,0
28199,0
28200,1
28201,0
28202,1
28203,1
28204,0
28205,0
28206,0
28207,0
28208,0
28209,0
28210,1
28211,0
28212,0
28213,0
28214,0
28215,0
28216,0
28217,0
28218,0
28219,0
28220,1
28221,1
28222,0
28223,0
28224,1
28225,0
28226,0
28227,0
28228,0
28229,0
28230,1
28231,0
28232,0
28233,0
28234,0
28235,0
28236,0
28237,0
28238,0
28239,0
28240,0
28241,0
28242,0
28243,1
28244,0
28245,0
28246,1
28247,0
28248,0
28249,0
28250,0
28251,0
28252,0
28253,0
28254,0
28255,0
28256,0
28257,0
28258,1
28259,0
28260,0
28261,0
28262,1
28263,0
28264,0
28265,0
28266,0
28267,0
28268,0
28269,0
28270,0
28271,0
28272,0
28273,1
28274,0
28275,0
28276,0
28277,0
28278,0
28279,1
28280,0
28281,0
28282,0
28283,0
28284,0
28285,0
28286,0
28287,1
28288,1
28289,0
28290,0
28291,0
28292,0
28293,0
28294,0
28295,1
28296,0
28297,0
28298,0
28299,1
28300,0
28301,1
28302,1
28303,0
28304,0
28305,0
28306,0
28307,0
28308,1
28309,0
28310,0
28311,0
28312,0
28313,0
28314,0
28315,0
28316,1
28317,0
28318,0
28319,0
28320,0
28321,0
28322,0
28323,1
28324,1
28325,0
28326,0
28327,0
28328,0
28329,0
28330,0
28331,0
28332,0
28333,0
28334,0
28335,0
28336,0
28337,0
28338,0
28339,0
28340,0
28341,1
28342,1
28343,0
28344,0
28345,0
28346,0
28347,0
28348,0
28349,0
28350,0
28351,0
28352,0
28353,0
28354,0
28355,0
28356,0
28357,0
28358,1
28359,0
28360,0
28361,0
28362,0
28363,0
28364,0
28365,1
28366,0
28367,0
28368,0
28369,0
28370,0
28371,0
28372,0
28373,1
28374,0
28375,0
28376,0
28377,1
28378,0
28379,0
28380,0
28381,0
28382,0
28383,0
28384,0
28385,1
28386,0
28387,0
28388,0
28389,0
28390,0
28391,0
28392,0
28393,1
28394,0
28395,0
28396,0
28397,0
28398,0
28399,0
28400,0
28401,0
28402,0
28403,1
28404,0
28405,0
28406,0
28407,0
28408,0
28409,0
28410,1
28411,0
28412,0
28413,0
28414,0
28415,0
28416,0
28417,0
28418,1
28419,1
28420,0
28421,0
28422,0
28423,0
28424,0
28425,0
28426,0
28427,1
28428,0
28429,0
28430,1
28431,0
28432,0
28433,0
28434,1
28435,0
28436,0
28437,0
28438,0
28439,0
28440,0
28441,1
28442,0
28443,1
28444,0
28445,1
28446,0
28447,0
28448,1
28449,0
28450,0
28451,1
28452,0
28453,0
28454,1
28455,0
28456,1
28457,0
28458,0
28459,0
28460,1
28461,0
28462,0
28463,0
28464,0
28465,0
28466,0
28467,0
28468,1
28469,0
28470,0
28471,0
28472,0
28473,0
28474,0
28475,0
28476,0
28477,1
28478,1
28479,1
28480,0
28481,0
28482,1
28483,0
28484,0
28485,0
28486,0
28487,1
28488,0
28489,0
28490,0
28491,0
28492,0
28493,0
28494,0
28495,0
28496,0
28497,0
28498,0
28499,0
28500,0
28501,0
28502,1
28503,0
28504,1
28505,0
28506,0
28507,0
28508,0
28509,0
28510,0
28511,0
28512,0
28513,0
28514,0
28515,1
28516,0
28517,0
28518,1
28519,1
28520,0
28521,0
28522,1
28523,0
28524,0
28525,0
28526,0
28527,0
28528,0
28529,0
28530,0
28531,0
28532,1
28533,1
28534,0
28535,0
28536,0
28537,0
28538,1
28539,0
28540,0
28541,0
28542,0
28543,0
28544,0
28545,0
28546,0
28547,1
28548,0
28549,0
28550,0
28551,0
28552,0
28553,0
28554,0
28555,1
28556,0
28557,1
28558,0
28559,0
28560,1
28561,0
28562,0
28563,0
28564,0
28565,1
28566,0
28567,0
28568,0
28569,0
28570,0
28571,0
28572,0
28573,1
28574,0
28575,0
28576,0
28577,1
28578,1
28579,0
28580,0
28581,0
28582,1
28583,0
28584,0
28585,0
28586,0
28587,0
28588,0
28589,1
28590,0
28591,1
28592,1
28593,1
28594,0
28595,0
28596,1
28597,0
28598,0
28599,0
28600,0
28601,0
28602,0
28603,0
28604,1
28605,0
28606,1
28607,0
28608,0
28609,0
28610,0
28611,0
28612,1
28613,1
28614,0
28615,0
28616,0
28617,0
28618,0
28619,0
28620,1
28621,0
28622,0
28623,0
28624,0
28625,1
28626,0
28627,0
28628,0
28629,0
28630,0
28631,0
28632,1
28633,0
28634,1
28635,0
28636,0
28637,0
28638,0
28639,1
28640,0
28641,0
28642,0
28643,0
28644,0
28645,1
28646,0
28647,0
28648,0
28649,0
28650,0
28651,0
28652,0
28653,0
28654,0
28655,1
28656,0
28657,0
28658,0
28659,1
28660,0
28661,0
28662,1
28663,1
28664,0
28665,1
28666,0
28667,0
28668,0
28669,0
28670,0
28671,0
28672,0
28673,1
28674,0
28675,0
28676,0
28677,0
28678,0
28679,1
28680,0
28681,0
28682,1
28683,0
28684,1
28685,0
28686,0
28687,0
28688,0
28689,0
28690,1
28691,0
28692,0
28693,1
28694,0
28695,0
28696,0
28697,0
28698,0
28699,0
28700,0
28701,0
28702,0
28703,1
28704,0
28705,0
28706,0
28707,0
28708,0
28709,0
28710,0
28711,0
28712,0
28713,0
28714,0
28715,0
28716,0
28717,1
28718,0
28719,0
28720,0
28721,1
28722,0
28723,0
28724,0
28725,0
28726,0
28727,0
28728,0
28729,0
28730,0
28731,0
28732,0
28733,0
28734,0
28735,0
28736,0
28737,0
28738,0
28739,0
28740,0
28741,1
28742,0
28743,0
28744,0
28745,1
28746,0
28747,0
28748,1
28749,1
28750,0
28751,0
28752,0
28753,0
28754,0
28755,0
28756,0
28757,0
28758,0
28759,0
28760,0
28761,0
28762,1
28763,0
28764,0
28765,0
28766,0
28767,0
28768,0
28769,0
28770,1
28771,0
28772,0
28773,0
28774,0
28775,0
28776,0
28777,1
28778,1
28779,0
28780,0
28781,0
28782,0
28783,0
28784,0
28785,0
28786,0
28787,0
28788,0
28789,0
28790,0
28791,0
28792,0
28793,0
28794,0
28795,0
28796,1
28797,0
28798,1
28799,0
28800,0
28801,0
28802,0
28803,0
28804,0
28805,1
28806,0
28807,0
28808,0
28809,0
28810,0
28811,0
28812,0
28813,0
28814,0
28815,0
28816,1
28817,0
28818,0
28819,0
28820,0
28821,1
28822,1
28823,0
28824,0
28825,0
28826,1
28827,0
28828,1
28829,0
28830,0
28831,1
28832,0
28833,0
28834,1
28835,0
28836,0
28837,1
28838,0
28839,1
28840,1
28841,1
28842,1
28843,0
28844,0
28845,0
28846,0
28847,0
28848,0
28849,0
28850,0
28851,0
28852,1
28853,0
28854,1
28855,0
28856,0
28857,1
28858,0
28859,0
28860,0
28861,1
28862,1
28863,0
28864,1
28865,0
28866,0
28867,0
28868,0
28869,0
28870,1
28871,0
28872,0
28873,0
28874,0
28875,0
28876,0
28877,1
28878,1
28879,0
28880,1
28881,1
28882,0
28883,0
28884,0
28885,0
28886,1
28887,1
28888,0
28889,0
28890,1
28891,0
28892,0
28893,1
28894,0
28895,0
28896,0
28897,0
28898,0
28899,0
28900,1
28901,0
28902,0
28903,0
28904,0
28905,0
28906,0
28907,0
28908,1
28909,0
28910,0
28911,0
28912,0
28913,0
28914,0
28915,0
28916,1
28917,0
28918,0
28919,0
28920,0
28921,0
28922,0
28923,0
28924,0
28925,1
28926,0
28927,0
28928,0
28929,0
28930,1
28931,0
28932,0
28933,0
28934,0
28935,0
28936,0
28937,0
28938,0
28939,0
28940,0
28941,1
28942,0
28943,0
28944,0
28945,0
28946,0
28947,0
28948,0
28949,0
28950,0
28951,1
28952,0
28953,0
28954,0
28955,0
28956,0
28957,0
28958,0
28959,1
28960,0
28961,0
28962,0
28963,1
28964,0
28965,0
28966,0
28967,0
28968,0
28969,0
28970,0
28971,0
28972,0
28973,0
28974,0
28975,1
28976,0
28977,1
28978,1
28979,0
28980,0
28981,0
28982,0
28983,0
28984,0
28985,0
28986,0
28987,0
28988,0
28989,1
28990,0
28991,1
28992,0
28993,0
28994,0
28995,0
28996,1
28997,1
28998,0
28999,1
29000,0
29001,0
29002,0
29003,0
29004,0
29005,0
29006,0
29007,1
29008,0
29009,0
29010,0
29011,0
29012,0
29013,0
29014,0
29015,0
29016,1
29017,0
29018,0
29019,0
29020,1
29021,1
29022,0
29023,0
29024,0
29025,0
29026,1
29027,0
29028,1
29029,1
29030,0
29031,0
29032,0
29033,0
29034,1
29035,1
29036,1
29037,0
29038,0
29039,0
29040,0
29041,0
29042,0
29043,0
29044,1
29045,0
29046,1
29047,0
29048,0
29049,0
29050,1
29051,0
29052,0
29053,1
29054,0
29055,0
29056,0
29057,1
29058,0
29059,0
29060,0
29061,1
29062,0
29063,1
29064,0
29065,1
29066,0
29067,0
29068,0
29069,0
29070,0
29071,0
29072,0
29073,0
29074,0
29075,0
29076,0
29077,0
29078,0
29079,0
29080,0
29081,1
29082,1
29083,1
29084,0
29085,0
29086,0
29087,0
29088,1
29089,0
29090,1
29091,1
29092,1
29093,0
29094,0
29095,0
29096,1
29097,0
29098,0
29099,1
29100,0
29101,0
29102,0
29103,0
29104,0
29105,0
29106,1
29107,0
29108,0
29109,1
29110,1
29111,0
29112,0
29113,0
29114,0
29115,0
29116,1
29117,0
29118,0
29119,0
29120,0
29121,0
29122,1
29123,1
29124,0
29125,1
29126,0
29127,0
29128,1
29129,1
29130,1
29131,0
29132,0
29133,0
29134,0
29135,1
29136,0
29137,0
29138,0
29139,0
29140,1
29141,0
29142,0
29143,0
29144,0
29145,0
29146,0
29147,0
29148,0
29149,0
29150,0
29151,1
29152,1
29153,0
29154,0
29155,1
29156,0
29157,0
29158,1
29159,0
29160,0
29161,1
29162,0
29163,1
29164,0
29165,1
29166,0
29167,0
29168,0
29169,0
29170,0
29171,0
29172,0
29173,0
29174,0
29175,0
29176,0
29177,0
29178,0
29179,0
29180,0
29181,1
29182,0
29183,0
29184,0
29185,0
29186,0
29187,0
29188,0
29189,1
29190,1
29191,0
29192,0
29193,0
29194,0
29195,0
29196,1
29197,0
29198,0
29199,0
29200,0
29201,0
29202,0
29203,0
29204,0
29205,1
29206,1
29207,0
29208,0
29209,0
29210,0
29211,0
29212,0
29213,1
29214,0
29215,1
29216,1
29217,0
29218,0
29219,0
29220,0
29221,0
29222,0
29223,1
29224,1
29225,1
29226,0
29227,0
29228,0
29229,1
29230,0
29231,1
29232,1
29233,1
29234,0
29235,1
29236,0
29237,1
29238,0
29239,0
29240,0
29241,0
29242,0
29243,0
29244,0
29245,0
29246,0
29247,1
29248,1
29249,1
29250,1
29251,0
29252,0
29253,0
29254,0
29255,0
29256,0
29257,0
29258,0
29259,0
29260,0
29261,1
29262,0
29263,0
29264,0
29265,1
29266,0
29267,0
29268,0
29269,1
29270,0
29271,0
29272,1
29273,1
29274,0
29275,1
29276,0
29277,0
29278,1
29279,0
29280,0
29281,1
29282,0
29283,1
29284,0
29285,0
29286,0
29287,0
29288,0
29289,0
29290,0
29291,1
29292,0
29293,1
29294,0
29295,0
29296,1
29297,0
29298,0
29299,0
29300,0
29301,1
29302,0
29303,1
29304,0
29305,0
29306,0
29307,0
29308,0
29309,0
29310,0
29311,0
29312,0
29313,1
29314,0
29315,0
29316,1
29317,1
29318,0
29319,0
29320,0
29321,0
29322,0
29323,1
29324,0
29325,0
29326,1
29327,0
29328,0
29329,0
29330,0
29331,0
29332,0
29333,0
29334,1
29335,1
29336,0
29337,0
29338,0
29339,1
29340,1
29341,0
29342,0
29343,1
29344,0
29345,0
29346,1
29347,0
29348,1
29349,1
29350,0
29351,0
29352,0
29353,1
29354,0
29355,1
29356,0
29357,0
29358,1
29359,0
29360,0
29361,0
29362,0
29363,0
29364,0
29365,0
29366,0
29367,1
29368,0
29369,0
29370,0
29371,0
29372,0
29373,0
29374,0
29375,0
29376,0
29377,0
29378,1
29379,0
29380,0
29381,0
29382,0
29383,0
29384,0
29385,1
29386,0
29387,0
29388,0
29389,0
29390,0
29391,0
29392,0
29393,0
29394,0
29395,0
29396,0
29397,0
29398,1
29399,0
29400,0
29401,0
29402,0
29403,0
29404,0
29405,0
29406,0
29407,0
29408,1
29409,1
29410,0
29411,1
29412,0
29413,0
29414,0
29415,0
29416,0
29417,0
29418,1
29419,1
29420,0
29421,0
29422,0
29423,0
29424,0
29425,0
29426,0
29427,0
29428,1
29429,0
29430,0
29431,1
29432,1
29433,1
29434,0
29435,0
29436,0
29437,0
29438,0
29439,0
29440,1
29441,0
29442,0
29443,1
29444,1
29445,0
29446,0
29447,1
29448,0
29449,0
29450,0
29451,0
29452,0
29453,0
29454,0
29455,0
29456,1
29457,0
29458,0
29459,0
29460,1
29461,0
29462,0
29463,0
29464,0
29465,0
29466,0
29467,1
29468,0
29469,0
29470,1
29471,0
29472,0
29473,1
29474,0
29475,0
29476,0
29477,0
29478,1
29479,1
29480,0
29481,0
29482,1
29483,0
29484,0
29485,0
29486,0
29487,0
29488,0
29489,0
29490,1
29491,0
29492,0
29493,0
29494,1
29495,0
29496,0
29497,0
29498,0
29499,1
29500,0
29501,1
29502,1
29503,1
29504,1
29505,1
29506,0
29507,0
29508,0
29509,0
29510,0
29511,0
29512,0
29513,0
29514,0
29515,0
29516,1
29517,1
29518,0
29519,0
29520,0
29521,0
29522,0
29523,0
29524,1
29525,1
29526,0
29527,1
29528,0
29529,0
29530,0
29531,0
29532,0
29533,0
29534,1
29535,0
29536,1
29537,0
29538,0
29539,1
29540,1
29541,0
29542,1
29543,0
29544,0
29545,0
29546,0
29547,0
29548,0
29549,1
29550,1
29551,1
29552,1
29553,1
29554,0
29555,1
29556,0
29557,1
29558,0
29559,0
29560,1
29561,1
29562,0
29563,0
29564,0
29565,1
29566,1
29567,0
29568,0
29569,0
29570,1
29571,1
29572,0
29573,0
29574,0
29575,0
29576,1
29577,0
29578,1
29579,1
29580,1
29581,0
29582,0
29583,0
29584,0
29585,0
29586,0
29587,0
29588,0
29589,0
29590,0
29591,0
29592,0
29593,1
29594,0
29595,0
29596,0
29597,0
29598,0
29599,0
29600,0
29601,0
29602,0
29603,0
29604,1
29605,0
29606,0
29607,1
29608,0
29609,1
29610,0
29611,0
29612,1
29613,0
29614,1
29615,1
29616,1
29617,1
29618,0
29619,0
29620,1
29621,0
29622,0
29623,1
29624,0
29625,0
29626,0
29627,0
29628,0
29629,0
29630,0
29631,0
29632,0
29633,0
29634,0
29635,0
29636,0
29637,0
29638,0
29639,0
29640,0
29641,0
29642,0
29643,1
29644,0
29645,0
29646,0
29647,0
29648,0
29649,0
29650,0
29651,1
29652,1
29653,0
29654,0
29655,0
29656,0
29657,0
29658,0
29659,0
29660,0
29661,0
29662,0
29663,0
29664,0
29665,0
29666,1
29667,1
29668,0
29669,1
29670,0
29671,1
29672,0
29673,1
29674,0
29675,0
29676,0
29677,0
29678,1
29679,1
29680,0
29681,1
29682,0
29683,0
29684,0
29685,0
29686,1
29687,0
29688,1
29689,0
29690,0
29691,1
29692,0
29693,0
29694,0
29695,0
29696,0
29697,0
29698,1
29699,0
29700,1
29701,1
29702,0
29703,0
29704,0
29705,0
29706,1
29707,0
29708,0
29709,0
29710,0
29711,0
29712,0
29713,0
29714,0
29715,0
29716,1
29717,0
29718,0
29719,0
29720,0
29721,0
29722,0
29723,0
29724,1
29725,0
29726,0
29727,1
29728,0
29729,0
29730,0
29731,1
29732,1
29733,1
29734,0
29735,0
29736,1
29737,0
29738,0
29739,0
29740,0
29741,0
29742,0
29743,0
29744,0
29745,0
29746,0
29747,0
29748,0
29749,0
29750,0
29751,0
29752,0
29753,0
29754,0
29755,1
29756,0
29757,1
29758,0
29759,0
29760,0
29761,0
29762,0
29763,0
29764,0
29765,0
29766,1
29767,0
29768,0
29769,0
29770,0
29771,1
29772,1
29773,0
29774,0
29775,0
29776,0
29777,0
29778,0
29779,1
29780,1
29781,0
29782,0
29783,0
29784,0
29785,0
29786,0
29787,1
29788,0
29789,0
29790,0
29791,0
29792,0
29793,0
29794,0
29795,0
29796,0
29797,0
29798,1
29799,0
29800,1
29801,0
29802,1
29803,0
29804,0
29805,1
29806,0
29807,0
29808,1
29809,0
29810,0
29811,1
29812,0
29813,0
29814,1
29815,0
29816,0
29817,1
29818,1
29819,0
29820,0
29821,0
29822,0
29823,0
29824,1
29825,1
29826,0
29827,0
29828,0
29829,0
29830,1
29831,0
29832,0
29833,0
29834,0
29835,0
29836,0
29837,1
29838,0
29839,1
29840,1
29841,0
29842,0
29843,0
29844,1
29845,0
29846,0
29847,0
29848,0
29849,1
29850,0
29851,0
29852,0
29853,0
29854,0
29855,0
29856,1
29857,0
29858,0
29859,0
29860,0
29861,0
29862,0
29863,0
29864,0
29865,0
29866,0
29867,1
29868,0
29869,0
29870,0
29871,0
29872,0
29873,0
29874,0
29875,0
29876,0
29877,0
29878,0
29879,0
29880,0
29881,1
29882,0
29883,1
29884,0
29885,1
29886,0
29887,0
29888,0
29889,0
29890,0
29891,1
29892,1
29893,0
29894,0
29895,0
29896,0
29897,1
29898,0
29899,0
29900,0
29901,0
29902,0
29903,0
29904,1
29905,0
29906,1
29907,0
29908,1
29909,0
29910,0
29911,0
29912,0
29913,0
29914,0
29915,0
29916,0
29917,0
29918,0
29919,0
29920,0
29921,0
29922,0
29923,0
29924,0
29925,0
29926,0
29927,1
29928,0
29929,1
29930,0
29931,1
29932,0
29933,1
29934,1
29935,0
29936,1
29937,0
29938,0
29939,1
29940,1
29941,0
29942,0
29943,0
29944,0
29945,1
29946,0
29947,0
29948,1
29949,0
29950,0
29951,1
29952,0
29953,1
29954,0
29955,0
29956,0
29957,1
29958,0
29959,1
29960,0
29961,1
29962,0
29963,0
29964,0
29965,0
29966,0
29967,0
29968,0
29969,0
29970,0
29971,0
29972,0
29973,0
29974,0
29975,0
29976,0
29977,0
29978,0
29979,0
29980,1
29981,0
29982,1
29983,0
29984,0
29985,0
29986,0
29987,0
29988,0
29989,0
29990,0
29991,1
29992,1
29993,1
29994,0
29995,1
29996,0
29997,0
29998,1
29999,1
30000,1
